id;nom;insee;adresse;emplacements;no_appel;info;statut;geo_shape;geopoint;geopoint_datagouv
75119-T-484;Tanger;75119;16T RUE DE TANGER;6;;;en service;"{""coordinates"": [2.3689646538300746, 48.886188600688236], ""type"": ""Point""}";48.886188600688236, 2.3689646538300746;2.3689646538300746, 48.886188600688236
75110-T-337;Alsace;75110;21 RUE D'ALSACE;5;;;en service;"{""coordinates"": [2.357864242070205, 48.87739249960617], ""type"": ""Point""}";48.87739249960617, 2.357864242070205;2.357864242070205, 48.87739249960617
75108-T-298;Champs Elysées / Bassano;75108;103 AVENUE DES CHAMPS ELYSEES;8;;;en service;"{""coordinates"": [2.300063551913162, 48.87181698138564], ""type"": ""Point""}";48.87181698138564, 2.300063551913162;2.300063551913162, 48.87181698138564
75109-T-307;Haussmann / Taitbout;75109;14 BOULEVARD HAUSSMANN;4;;;en service;"{""coordinates"": [2.3372200997150885, 48.872540342976826], ""type"": ""Point""}";48.872540342976826, 2.3372200997150885;2.3372200997150885, 48.872540342976826
75116-T-429;Poincaré / Lauriston;75116;40 AVENUE RAYMOND POINCARE;5;;;en service;"{""coordinates"": [2.2864425340334, 48.86602809804327], ""type"": ""Point""}";48.86602809804327, 2.2864425340334;2.2864425340334, 48.86602809804327
75108-T-280;Roosevelt / Théâtre du Rond Point;75108;43 AVENUE FRANKLIN D. ROOSEVELT;6;;;en service;"{""coordinates"": [2.309953980037344, 48.86822841945435], ""type"": ""Point""}";48.86822841945435, 2.309953980037344;2.309953980037344, 48.86822841945435
75111-T-348;Richard Lenoir / Amelot;75111;1 BOULEVARD RICHARD LENOIR;5;;;en service;"{""coordinates"": [2.3692108009535335, 48.85430347141947], ""type"": ""Point""}";48.85430347141947, 2.3692108009535335;2.3692108009535335, 48.85430347141947
75112-T-901;Gare de Lyon SNCF;75112;8 PLACE LOUIS ARMAND;103;;;en service;"{""coordinates"": [2.373436105827891, 48.8451106231118], ""type"": ""Point""}";48.8451106231118, 2.373436105827891;2.373436105827891, 48.8451106231118
75117-T-457;Rome / Legendre;75117;135 RUE DE ROME;2;;;en service;"{""coordinates"": [2.3166163174391654, 48.885707402091235], ""type"": ""Point""}";48.885707402091235, 2.3166163174391654;2.3166163174391654, 48.885707402091235
75117-T-458;Mac-Mahon / Troyon;75117;21 AVENUE MAC-MAHON;6;;;en service;"{""coordinates"": [2.2942424143831746, 48.8769281012419], ""type"": ""Point""}";48.8769281012419, 2.2942424143831746;2.2942424143831746, 48.8769281012419
75117-T-460;Pershing / Koenig;75117;22 BOULEVARD PERSHING;14;;;en service;"{""coordinates"": [2.28262950142426, 48.88006722507015], ""type"": ""Point""}";48.88006722507015, 2.28262950142426;2.28262950142426, 48.88006722507015
75119-T-482;Petit/Meaux;75119;121 RUE DE MEAUX;8;;;en service;"{""coordinates"": [2.3788347261473257, 48.884585912691115], ""type"": ""Point""}";48.884585912691115, 2.3788347261473257;2.3788347261473257, 48.884585912691115
75115-T-387;Quai de Grenelle / Novotel;75115;61 QUAI DE GRENELLE;8;;;en service;"{""coordinates"": [2.2829001567496987, 48.84992294166981], ""type"": ""Point""}";48.84992294166981, 2.2829001567496987;2.2829001567496987, 48.84992294166981
75101-T-211;Marengo;75101;1 RUE DE MARENGO;3;;;en service;"{""coordinates"": [2.339128927086149, 48.86184837657944], ""type"": ""Point""}";48.86184837657944, 2.339128927086149;2.339128927086149, 48.86184837657944
75102-T-214;Capucines/Louis le Grand;75102;1 BOULEVARD DES CAPUCINES;4;;;en service;"{""coordinates"": [2.3339630975787142, 48.87076285656672], ""type"": ""Point""}";48.87076285656672, 2.3339630975787142;2.3339630975787142, 48.87076285656672
75111-T-043;Saint Ambroise;75111;57 BOULEVARD VOLTAIRE;5;;;en service;"{""coordinates"": [2.373391871065638, 48.862002676608256], ""type"": ""Point""}";48.862002676608256, 2.373391871065638;2.373391871065638, 48.862002676608256
75117-T-082;Etoile - Wagram;75117;67 Boulevard Pereire;10;0143800199;;en service;"{""coordinates"": [2.305386274370729, 48.88717567894479], ""type"": ""Point""}";48.88717567894479, 2.305386274370729;2.305386274370729, 48.88717567894479
75115-T-070;Place Balard;75115;3 PLACE BALARD;3;;;en service;"{""coordinates"": [2.279066978305342, 48.83691440100358], ""type"": ""Point""}";48.83691440100358, 2.279066978305342;2.279066978305342, 48.83691440100358
75111-T-038;Nation;75111;3 AVENUE DU TRÔNE;14;0143732958;;en service;"{""coordinates"": [2.3978274533514643, 48.84860852998622], ""type"": ""Point""}";48.84860852998622, 2.3978274533514643;2.3978274533514643, 48.84860852998622
75117-T-090;Porte de Saint Ouen;75117;3 AVENUE DE LA PORTE DE SAINT OUEN;7;0142630000;;en service;"{""coordinates"": [2.3287853028781047, 48.89828666841568], ""type"": ""Point""}";48.89828666841568, 2.3287853028781047;2.3287853028781047, 48.89828666841568
75109-T-320;Condorcet;75109;69 RUE CONDORCET;5;;;en service;"{""coordinates"": [2.340669811693258, 48.88032485422117], ""type"": ""Point""}";48.88032485422117, 2.340669811693258;2.340669811693258, 48.88032485422117
75103-T-225;Saint-Martin-République;75103;1 BOULEVARD SAINT-MARTIN;7;;;en service;"{""coordinates"": [2.3614072541382307, 48.86793297232912], ""type"": ""Point""}";48.86793297232912, 2.3614072541382307;2.3614072541382307, 48.86793297232912
75120-T-489;Bagnolet / Pyrénées;75120;96 RUE DE BAGNOLET;3;;;en service;"{""coordinates"": [2.4024724660388745, 48.85924282049246], ""type"": ""Point""}";48.85924282049246, 2.4024724660388745;2.4024724660388745, 48.85924282049246
75119-T-104;Flandre - Stalingrad;75119;15 AVENUE DE FLANDRE;6;;;en service;"{""coordinates"": [2.3693614710783595, 48.885051311054795], ""type"": ""Point""}";48.885051311054795, 2.3693614710783595;2.3693614710783595, 48.885051311054795
75104-T-119;Hotel de Ville;75104;4 RUE DE LOBAU;5;;;en service;"{""coordinates"": [2.3537438183255324, 48.85646337472804], ""type"": ""Point""}";48.85646337472804, 2.3537438183255324;2.3537438183255324, 48.85646337472804
75101-T-203;Rivoli/Rouget de l'Isle;75101;238 RUE DE RIVOLI;3;;;en service;"{""coordinates"": [2.3263368878036847, 48.86576104595841], ""type"": ""Point""}";48.86576104595841, 2.3263368878036847;2.3263368878036847, 48.86576104595841
75101-T-205;Rivoli/29 Juillet;75101;208 RUE DE RIVOLI;4;;du 206 au 208 compris;en service;"{""coordinates"": [2.3303592437048017, 48.86446055732531], ""type"": ""Point""}";48.86446055732531, 2.3303592437048017;2.3303592437048017, 48.86446055732531
75115-T-406;Florian Delbarre / France TV;75115;28 RUE DU PROFESSEUR FLORIAN DELBARRE;4;;;en service;"{""coordinates"": [2.271871132095047, 48.83934048164963], ""type"": ""Point""}";48.83934048164963, 2.271871132095047;2.271871132095047, 48.83934048164963
75116-T-409;Iéna / Place Amiral de Grasse;75116;33 AVENUE D'IENA;6;;;en service;"{""coordinates"": [2.294064900396159, 48.86513546635059], ""type"": ""Point""}";48.86513546635059, 2.294064900396159;2.294064900396159, 48.86513546635059
75116-T-411;Kleber / Boissière;75116;61 AVENUE KLEBER;12;0170363297;;en service;"{""coordinates"": [2.29013177815591, 48.86662774435086], ""type"": ""Point""}";48.86662774435086, 2.29013177815591;2.29013177815591, 48.86662774435086
75101-T-208;Place du Palais Royal;75101;1 PLACE DU PALAIS ROYAL;6;01 42 60 61 40;;en service;"{""coordinates"": [2.336346067792886, 48.862736666697366], ""type"": ""Point""}";48.862736666697366, 2.336346067792886;2.336346067792886, 48.862736666697366
75116-T-425;Georges Lafont;75116;104 AVENUE GEORGES LAFONT;1;;;en service;"{""coordinates"": [2.25688848625146, 48.83724841631142], ""type"": ""Point""}";48.83724841631142, 2.25688848625146;2.25688848625146, 48.83724841631142
75111-T-350;Charonne / Ledru-Rollin;75111;47 RUE DE CHARONNE;6;;;en service;"{""coordinates"": [2.377690699432455, 48.85337878740128], ""type"": ""Point""}";48.85337878740128, 2.377690699432455;2.377690699432455, 48.85337878740128
75114-T-375;Saint-Jacques / Ferrus;75114;17 BOULEVARD SAINT-JACQUES;7;;;en service;"{""coordinates"": [2.339504335340362, 48.83189469198936], ""type"": ""Point""}";48.83189469198936, 2.339504335340362;2.339504335340362, 48.83189469198936
75114-T-382;Didot;75114;113 RUE DIDOT;3;;;en service;"{""coordinates"": [2.315171456846368, 48.82841623040249], ""type"": ""Point""}";48.82841623040249, 2.315171456846368;2.315171456846368, 48.82841623040249
75116-T-079;Porte d'Auteuil;75116;136 BOULEVARD EXELMANS;14;0146511461;du 136 au 144;en service;"{""coordinates"": [2.25988784092498, 48.847761482250135], ""type"": ""Point""}";48.847761482250135, 2.25988784092498;2.25988784092498, 48.847761482250135
75107-T-026;Place Vauban;75107;3 AVENUE DE TOURVILLE;5;;;en service;"{""coordinates"": [2.3139593212287046, 48.85356285412788], ""type"": ""Point""}";48.85356285412788, 2.3139593212287046;2.3139593212287046, 48.85356285412788
75112-T-048;Cour Saint Emilion;75112;12 RUE DES PIROGUES DE BERCY;6;0144750916;;en service;"{""coordinates"": [2.386024251021688, 48.831892633238176], ""type"": ""Point""}";48.831892633238176, 2.386024251021688;2.386024251021688, 48.831892633238176
75107-T-023;Ecole Militaire;75107;28 AVENUE DE TOURVILLE;7;0147050000;;en service;"{""coordinates"": [2.306534476022721, 48.854272053874695], ""type"": ""Point""}";48.854272053874695, 2.306534476022721;2.306534476022721, 48.854272053874695
75102-T-915;CAPUCINES-DAUNOU;75102;35 Boulevard des Capucines;3;;;en service;"{""coordinates"": [2.3298569502289936, 48.87006678925731], ""type"": ""Point""}";48.87006678925731, 2.3298569502289936;2.3298569502289936, 48.87006678925731
75102-T-219;Boulevard Montmartre;75102;3 BOULEVARD MONTMARTRE;9;;;en service;"{""coordinates"": [2.342627337950953, 48.87139326159189], ""type"": ""Point""}";48.87139326159189, 2.342627337950953;2.342627337950953, 48.87139326159189
75103-T-231;Grenier Saint-Lazare;75103;36 RUE DU GRENIER SAINT-LAZARE;6;;;en service;"{""coordinates"": [2.352694663730358, 48.86324146171627], ""type"": ""Point""}";48.86324146171627, 2.352694663730358;2.352694663730358, 48.86324146171627
75117-T-443;Villiers/Wagram;75117;75 AVENUE DE VILLIERS;8;;;en service;"{""coordinates"": [2.3040704983683264, 48.883813727781956], ""type"": ""Point""}";48.883813727781956, 2.3040704983683264;2.3040704983683264, 48.883813727781956
75116-T-417;Victor Hugo / Longchamps;75116;155 AVENUE VICTOR HUGO;4;;;en service;"{""coordinates"": [2.2788971264378404, 48.866865434781005], ""type"": ""Point""}";48.866865434781005, 2.2788971264378404;2.2788971264378404, 48.866865434781005
75116-T-421;Place de Passy;75116;71 RUE DE PASSY;4;;;en service;"{""coordinates"": [2.2771513775491274, 48.85791937336743], ""type"": ""Point""}";48.85791937336743, 2.2771513775491274;2.2771513775491274, 48.85791937336743
75116-T-430;Exelmans;75116;23 BOULEVARD EXELMANS;3;;;en service;"{""coordinates"": [2.264605174944818, 48.84080179322122], ""type"": ""Point""}";48.84080179322122, 2.264605174944818;2.264605174944818, 48.84080179322122
75109-T-323;Faubourg Poissonière;75109;2 RUE DU FAUBOURG POISSONNIERE;5;;;en service;"{""coordinates"": [2.3487098815194805, 48.87672449102855], ""type"": ""Point""}";48.87672449102855, 2.3487098815194805;2.3487098815194805, 48.87672449102855
75110-T-331;Saint-Martin Faubourg / Cité Saint Martin;75110;100 RUE DU FAUBOURG SAINT-MARTIN;4;;;en service;"{""coordinates"": [2.358129112405564, 48.873166612748], ""type"": ""Point""}";48.873166612748, 2.358129112405564;2.358129112405564, 48.873166612748
75110-T-336;Abbeville / La Fayette;75110;RUE D'ABBEVILLE;2;;;en service;"{""coordinates"": [2.35146133890625, 48.877962101816955], ""type"": ""Point""}";48.877962101816955, 2.35146133890625;2.35146133890625, 48.877962101816955
75107-T-254;Solférino;75107;12 RUE DE SOLFERINO;6;;;en service;"{""coordinates"": [2.3227456560307704, 48.85938269890242], ""type"": ""Point""}";48.85938269890242, 2.3227456560307704;2.3227456560307704, 48.85938269890242
75107-T-256;Place de Breteuil/Duroc;75107;5 PLACE DE BRETEUIL;3;;;en service;"{""coordinates"": [2.312530210614305, 48.84734066976481], ""type"": ""Point""}";48.84734066976481, 2.312530210614305;2.312530210614305, 48.84734066976481
75108-T-285;Place de la Madeleine;75108;6 PLACE DE LA MADELEINE;3;;;en service;"{""coordinates"": [2.324592242462121, 48.869240969285805], ""type"": ""Point""}";48.869240969285805, 2.324592242462121;2.324592242462121, 48.869240969285805
75112-T-363;Lyon / Diderot;75112;4 RUE DE LYON;7;;;en service;"{""coordinates"": [2.3721830989968677, 48.84653784761327], ""type"": ""Point""}";48.84653784761327, 2.3721830989968677;2.3721830989968677, 48.84653784761327
75112-T-902;Gare de Lyon SNCF;75112;24 DENIVELE CHALON;17;;;en service;"{""coordinates"": [2.3768609563012624, 48.84414213061917], ""type"": ""Point""}";48.84414213061917, 2.3768609563012624;2.3768609563012624, 48.84414213061917
75112-T-903;Gare de Lyon SNCF;75112;110 RAMPE MERCURE;16;;;en service;"{""coordinates"": [2.371748119915268, 48.84536093073594], ""type"": ""Point""}";48.84536093073594, 2.371748119915268;2.371748119915268, 48.84536093073594
75115-T-394;Montparnasse / Tour;75115;66 BOULEVARD DU MONTPARNASSE;9;;;en service;"{""coordinates"": [2.3236284143714654, 48.84345101771957], ""type"": ""Point""}";48.84345101771957, 2.3236284143714654;2.3236284143714654, 48.84345101771957
75118-T-471;Damrémont / Ordener;75118;85 RUE DAMREMONT;3;;;en service;"{""coordinates"": [2.3363328237809107, 48.893808688009685], ""type"": ""Point""}";48.893808688009685, 2.3363328237809107;2.3363328237809107, 48.893808688009685
75115-T-388;Dantzig /Parc Georges Brassens;75115;46 RUE DE DANTZIG;12;;du 46 au 50;en service;"{""coordinates"": [2.297473657904017, 48.832396264243904], ""type"": ""Point""}";48.832396264243904, 2.297473657904017;2.297473657904017, 48.832396264243904
75101-T-001;Châtelet;75101;Place du Châtelet;9;0142332099;en vis-à-vis du théâtre municipal du Châtelet et en face de la Chambre des Notaires;en service;"{""coordinates"": [2.3471106020777164, 48.85774521409753], ""type"": ""Point""}";48.85774521409753, 2.3471106020777164;2.3471106020777164, 48.85774521409753
75116-T-074;Henri Martin;75116;78 AVENUE HENRI MARTIN;11;;;en service;"{""coordinates"": [2.2725333414609667, 48.864292437312805], ""type"": ""Point""}";48.864292437312805, 2.2725333414609667;2.2725333414609667, 48.864292437312805
75115-T-064;Porte de Versailles;75115;370 RUE DE VAUGIRARD;8;0148280000;;en service;"{""coordinates"": [2.2902094758756553, 48.83405659208457], ""type"": ""Point""}";48.83405659208457, 2.2902094758756553;2.2902094758756553, 48.83405659208457
75117-T-085;Courcelles Chazelle;75117;94 BOULEVARD DE COURCELLES;13;0147668050;;en service;"{""coordinates"": [2.303752178249973, 48.879462259838625], ""type"": ""Point""}";48.879462259838625, 2.303752178249973;2.303752178249973, 48.879462259838625
75117-T-087;Porte d'Asnières;75117;13 BOULEVARD BERTHIER;5;;;en service;"{""coordinates"": [2.302674251046165, 48.88928884104021], ""type"": ""Point""}";48.88928884104021, 2.302674251046165;2.302674251046165, 48.88928884104021
75111-T-040;Hôpital Saint Antoine;75111;2 RUE FAIDHERBE;2;0143720000;;en service;"{""coordinates"": [2.3843850748475424, 48.850261746280914], ""type"": ""Point""}";48.850261746280914, 2.3843850748475424;2.3843850748475424, 48.850261746280914
75106-T-016;Mabillon;75106;4 RUE DU FOUR;5;0143290000;;en service;"{""coordinates"": [2.3351457588935425, 48.85301357364956], ""type"": ""Point""}";48.85301357364956, 2.3351457588935425;2.3351457588935425, 48.85301357364956
75108-T-297;Champs Elysées / Washington;75108;90 AVENUE DES CHAMPS ELYSEES;23;;90 au 104;en service;"{""coordinates"": [2.3014808864187843, 48.87187890404097], ""type"": ""Point""}";48.87187890404097, 2.3014808864187843;2.3014808864187843, 48.87187890404097
75108-T-271;Saint-Honoré / Royale;75108;6 RUE DU FAUBOURG SAINT-HONORE;9;;;en service;"{""coordinates"": [2.3230609727074323, 48.86847698037068], ""type"": ""Point""}";48.86847698037068, 2.3230609727074323;2.3230609727074323, 48.86847698037068
75119-T-485;Lilas / Saint-Gervais;75119;11 RUE DES LILAS;6;;;en service;"{""coordinates"": [2.3958057125966823, 48.87827884113635], ""type"": ""Point""}";48.87827884113635, 2.3958057125966823;2.3958057125966823, 48.87827884113635
75109-T-315;Maubeuge / Condorcet;75109;61 RUE DE MAUBEUGE;6;;;en service;"{""coordinates"": [2.349123530134122, 48.8796528000886], ""type"": ""Point""}";48.8796528000886, 2.349123530134122;2.349123530134122, 48.8796528000886
75110-T-328;Dunkerque / St Quentin;75110;15 RUE DE DUNKERQUE;7;;;en service;"{""coordinates"": [2.356570502695056, 48.87959270493587], ""type"": ""Point""}";48.87959270493587, 2.356570502695056;2.356570502695056, 48.87959270493587
75108-T-257;Friedland;75108;1 AVENUE DE FRIEDLAND;7;;;en service;"{""coordinates"": [2.3047825101215875, 48.87461798391426], ""type"": ""Point""}";48.87461798391426, 2.3047825101215875;2.3047825101215875, 48.87461798391426
75112-T-361;Crozatier / Diderot;75112;22 RUE CROZATIER;3;;;en service;"{""coordinates"": [2.3820766762610392, 48.84656728088239], ""type"": ""Point""}";48.84656728088239, 2.3820766762610392;2.3820766762610392, 48.84656728088239
75113-T-371;Dupuy de Lôme;75113;8 RUE DUPUY DE LOME;3;;;en service;"{""coordinates"": [2.3705854766988144, 48.821398412692815], ""type"": ""Point""}";48.821398412692815, 2.3705854766988144;2.3705854766988144, 48.821398412692815
75115-T-399;Convention / Lacordaire;75115;65 RUE DE LA CONVENTION;9;;;en service;"{""coordinates"": [2.283894480566213, 48.84304509346932], ""type"": ""Point""}";48.84304509346932, 2.283894480566213;2.283894480566213, 48.84304509346932
75117-T-454;Place Tristan Bernard;75117;1 PLACE TRISTAN BERNARD;6;;;en service;"{""coordinates"": [2.2908161868844372, 48.87914079191516], ""type"": ""Point""}";48.87914079191516, 2.2908161868844372;2.2908161868844372, 48.87914079191516
75108-T-031;Place Rio de Janeiro;75108;30 AVENUE DE MESSINE;8;;;en service;"{""coordinates"": [2.3113227793330635, 48.8772224745328], ""type"": ""Point""}";48.8772224745328, 2.3113227793330635;2.3113227793330635, 48.8772224745328
75107-T-021;Alma - Branly;75107;3 AVENUE BOSQUET;9;0147056686;;en service;"{""coordinates"": [2.3018600311898836, 48.86171132458763], ""type"": ""Point""}";48.86171132458763, 2.3018600311898836;2.3018600311898836, 48.86171132458763
75101-T-912;PONT NEUF;75101;2 Rue du Pont Neuf;4;;;en service;"{""coordinates"": [2.3429298964943657, 48.85859341442249], ""type"": ""Point""}";48.85859341442249, 2.3429298964943657;2.3429298964943657, 48.85859341442249
75103-T-232;Temple / Sainte-Elisabeth;75103;197 RUE DU TEMPLE;4;;;en service;"{""coordinates"": [2.3610659993250027, 48.86622335400342], ""type"": ""Point""}";48.86622335400342, 2.3610659993250027;2.3610659993250027, 48.86622335400342
75101-T-201;Castiglione impair;75101;5 RUE DE CASTIGLIONE;14;;;en service;"{""coordinates"": [2.327819491329322, 48.86611813475577], ""type"": ""Point""}";48.86611813475577, 2.327819491329322;2.327819491329322, 48.86611813475577
75116-T-424;Grande Armée / Presbourg;75116;1 AVENUE DE LA GRANDE ARMEE;6;;;en service;"{""coordinates"": [2.2930673809938296, 48.874045561912496], ""type"": ""Point""}";48.874045561912496, 2.2930673809938296;2.2930673809938296, 48.874045561912496
75108-T-261;Hoche /Saint Honoré;75108;29 AVENUE HOCHE;4;;;en service;"{""coordinates"": [2.3015299544382755, 48.87638809735985], ""type"": ""Point""}";48.87638809735985, 2.3015299544382755;2.3015299544382755, 48.87638809735985
75108-T-287;Amsterdam;75108;21 RUE D'AMSTERDAM;10;;;en service;"{""coordinates"": [2.326867033962908, 48.8772266621385], ""type"": ""Point""}";48.8772266621385, 2.326867033962908;2.326867033962908, 48.8772266621385
75101-T-210;Echelle;75101;9 RUE DE L'ECHELLE;3;;;en service;"{""coordinates"": [2.334454058519708, 48.86436482167941], ""type"": ""Point""}";48.86436482167941, 2.334454058519708;2.334454058519708, 48.86436482167941
75105-T-239;Ulm;75105;28 RUE D'ULM;13;;;en service;"{""coordinates"": [2.3446724017815272, 48.843458757863225], ""type"": ""Point""}";48.843458757863225, 2.3446724017815272;2.3446724017815272, 48.843458757863225
75114-T-059;Porte d'Orléans;75114;5 PLACE DU VINGT-CINQ AOÛT 1944;11;0145405205;;en service;"{""coordinates"": [2.3257238526200603, 48.82268551965156], ""type"": ""Point""}";48.82268551965156, 2.3257238526200603;2.3257238526200603, 48.82268551965156
75115-T-071;Sèvres Lecourbe;75115;1 BOULEVARD PASTEUR;9;0147340000;;en service;"{""coordinates"": [2.3118808666922384, 48.84520468282317], ""type"": ""Point""}";48.84520468282317, 2.3118808666922384;2.3118808666922384, 48.84520468282317
75105-T-013;Place Monge;75105;75 RUE MONGE;2;0145871595;;en service;"{""coordinates"": [2.3523348042110155, 48.843156135394146], ""type"": ""Point""}";48.843156135394146, 2.3523348042110155;2.3523348042110155, 48.843156135394146
75116-T-924;PLACE VICTORE HUGO;75116;12 PLACE VICTOR HUGO;9;;;en service;"{""coordinates"": [2.2848990033049787, 48.86954090056175], ""type"": ""Point""}";48.86954090056175, 2.2848990033049787;2.2848990033049787, 48.86954090056175
75116-T-434;Boulainvilliers;75116;13 RUE DE BOULAINVILLIERS;2;;;en service;"{""coordinates"": [2.276475834811157, 48.85247281585303], ""type"": ""Point""}";48.85247281585303, 2.276475834811157;2.276475834811157, 48.85247281585303
75102-T-221;Place des Victoires;75102;8 PLACE DES VICTOIRES;4;;;en service;"{""coordinates"": [2.340925907395424, 48.86606925586599], ""type"": ""Point""}";48.86606925586599, 2.340925907395424;2.340925907395424, 48.86606925586599
75103-T-228;Perle;75103;11 RUE DE LA PERLE;2;;;en service;"{""coordinates"": [2.3608908151542005, 48.85974997078372], ""type"": ""Point""}";48.85974997078372, 2.3608908151542005;2.3608908151542005, 48.85974997078372
75103-T-230;Turbigo;75103;33 RUE DE TURBIGO;4;;;en service;"{""coordinates"": [2.3519408311771124, 48.864575796680924], ""type"": ""Point""}";48.864575796680924, 2.3519408311771124;2.3519408311771124, 48.864575796680924
75103-T-917;REAUMUR-VOLTA;75103;42 rue Réaumur;4;;;en service;"{""coordinates"": [2.3571646435242557, 48.86529186460542], ""type"": ""Point""}";48.86529186460542, 2.3571646435242557;2.3571646435242557, 48.86529186460542
75119-T-106;Place du Colonel Fabien;75119;110 BOULEVARD DE LA VILLETTE;11;;du 110 au 118 Compris;en service;"{""coordinates"": [2.3708595017542855, 48.87758364551709], ""type"": ""Point""}";48.87758364551709, 2.3708595017542855;2.3708595017542855, 48.87758364551709
75101-T-204;Rivoli/Cambon;75101;244 RUE DE RIVOLI;2;;;en service;"{""coordinates"": [2.3253530142304033, 48.866083416390865], ""type"": ""Point""}";48.866083416390865, 2.3253530142304033;2.3253530142304033, 48.866083416390865
75116-T-413;Paul Doumer /Trocadéro;75116;1 AVENUE PAUL DOUMER;9;;;en service;"{""coordinates"": [2.286022745739929, 48.861728691444135], ""type"": ""Point""}";48.861728691444135, 2.286022745739929;2.286022745739929, 48.861728691444135
75116-T-416;Victor Hugo/place Jean Monnet;75116;137 AVENUE VICTOR HUGO;10;;;en service;"{""coordinates"": [2.280754484649341, 48.86763336947215], ""type"": ""Point""}";48.86763336947215, 2.280754484649341;2.280754484649341, 48.86763336947215
75116-T-420;Passy / Massenet;75116;48 RUE DE PASSY;4;;;en service;"{""coordinates"": [2.2800122461851076, 48.85784168807566], ""type"": ""Point""}";48.85784168807566, 2.2800122461851076;2.2800122461851076, 48.85784168807566
75116-T-426;Georges Mandel;75116;56 AVENUE GEORGES MANDEL;5;;;en service;"{""coordinates"": [2.2777932765051396, 48.86415027108801], ""type"": ""Point""}";48.86415027108801, 2.2777932765051396;2.2777932765051396, 48.86415027108801
75116-T-431;Murat  / Molitor;75116;29 BOULEVARD MURAT;5;;;en service;"{""coordinates"": [2.257653002613183, 48.84507189242945], ""type"": ""Point""}";48.84507189242945, 2.257653002613183;2.257653002613183, 48.84507189242945
75109-T-305;Haussmann /Chauchat;75109;2 BOULEVARD HAUSSMANN;8;;;en service;"{""coordinates"": [2.3398079807053564, 48.872182843661385], ""type"": ""Point""}";48.872182843661385, 2.3398079807053564;2.3398079807053564, 48.872182843661385
75107-T-249;La bourdonnais;75107;40 AVENUE DE LA BOURDONNAIS;8;;;en service;"{""coordinates"": [2.2995593280768487, 48.857854197787745], ""type"": ""Point""}";48.857854197787745, 2.2995593280768487;2.2995593280768487, 48.857854197787745
75108-T-262;Hoche/Hotel Royal Monceau;75108;32 AVENUE HOCHE;7;;;en service;"{""coordinates"": [2.2997220696962075, 48.87593236978811], ""type"": ""Point""}";48.87593236978811, 2.2997220696962075;2.2997220696962075, 48.87593236978811
75112-T-356;Daumesnil / Diderot;75112;81 AVENUE DAUMESNIL;4;;;en service;"{""coordinates"": [2.3784955796875886, 48.845969531640726], ""type"": ""Point""}";48.845969531640726, 2.3784955796875886;2.3784955796875886, 48.845969531640726
75112-T-360;Diderot / Daumesnil;75112;31 BOULEVARD DIDEROT;2;;;en service;"{""coordinates"": [2.377032437290796, 48.84626568869988], ""type"": ""Point""}";48.84626568869988, 2.377032437290796;2.377032437290796, 48.84626568869988
75113-T-368;Vincent Auriol / Nationale;75113;155 BOULEVARD VINCENT AURIOL;7;;;en service;"{""coordinates"": [2.361453653245753, 48.832371579712984], ""type"": ""Point""}";48.832371579712984, 2.361453653245753;2.361453653245753, 48.832371579712984
75117-T-449;Niel / Place Aimé Maillard;75117;34 AVENUE NIEL;6;;;en service;"{""coordinates"": [2.2955189598106513, 48.881404412809886], ""type"": ""Point""}";48.881404412809886, 2.2955189598106513;2.2955189598106513, 48.881404412809886
75117-T-462;Fragonard / porte de Clichy;75117;1 RUE FRAGONARD;9;;;en service;"{""coordinates"": [2.3142643859996115, 48.89414747144262], ""type"": ""Point""}";48.89414747144262, 2.3142643859996115;2.3142643859996115, 48.89414747144262
75114-T-376;Faubourg Saint-Jacques / Hôpital Cochin;75114;20 RUE DU FAUBOURG SAINT-JACQUES;8;;;en service;"{""coordinates"": [2.3389515923415205, 48.83767669197792], ""type"": ""Point""}";48.83767669197792, 2.3389515923415205;2.3389515923415205, 48.83767669197792
75118-T-469;La Chapelle / Faubourg Saint-Denis;75118;39 BOULEVARD DE LA CHAPELLE;3;;;en service;"{""coordinates"": [2.3594994580040156, 48.89280706078629], ""type"": ""Point""}";48.89280706078629, 2.3594994580040156;2.3594994580040156, 48.89280706078629
75109-T-035;Notre Dame de Lorette;75109;5 RUE FLÉCHIER;11;;;en service;"{""coordinates"": [2.339271088315523, 48.87661895031568], ""type"": ""Point""}";48.87661895031568, 2.339271088315523;2.339271088315523, 48.87661895031568
75118-T-092;Mairie du 18ème;75118;30 RUE HERMEL;13;0146060000;;en service;"{""coordinates"": [2.3451896400136283, 48.892575078758], ""type"": ""Point""}";48.892575078758, 2.3451896400136283;2.3451896400136283, 48.892575078758
75105-T-012;Panthéon;75105;26 RUE SOUFFLOT;10;0146330000;;en service;"{""coordinates"": [2.3413529130810913, 48.84738075800013], ""type"": ""Point""}";48.84738075800013, 2.3413529130810913;2.3413529130810913, 48.84738075800013
75106-T-015;Saint-Germain-des-Près;75106;151 BOULEVARD SAINT-GERMAIN;10;;;en service;"{""coordinates"": [2.3324349921963687, 48.85376769040898], ""type"": ""Point""}";48.85376769040898, 2.3324349921963687;2.3324349921963687, 48.85376769040898
75117-T-089;Porte de Clichy - Tribunal de Paris;75117;13 AVENUE DE LA PORTE DE CLICHY;5;;;en service;"{""coordinates"": [2.312493542622323, 48.89464930950952], ""type"": ""Point""}";48.89464930950952, 2.312493542622323;2.312493542622323, 48.89464930950952
75105-T-009;Place Saint-Michel;75105;29 QUAI SAINT MICHEL;16;0143296366;;en service;"{""coordinates"": [2.344788975582561, 48.85352754571395], ""type"": ""Point""}";48.85352754571395, 2.344788975582561;2.344788975582561, 48.85352754571395
75115-T-390;Jean Rey /Hotel Pullmann;75115;16 RUE JEAN REY;4;;;en service;"{""coordinates"": [2.2924808170971556, 48.8555012294128], ""type"": ""Point""}";48.8555012294128, 2.2924808170971556;2.2924808170971556, 48.8555012294128
75109-T-308;Haussmann / Chaussée d'Antin;75109;23 BOULEVARD HAUSSMANN;14;;;en service;"{""coordinates"": [2.3335711538224615, 48.872837984471694], ""type"": ""Point""}";48.872837984471694, 2.3335711538224615;2.3335711538224615, 48.872837984471694
75101-T-914;OPERA;75101;30 AVENUE DE L'OPERA;14;;;en service;"{""coordinates"": [2.3336487113910276, 48.86802072101611], ""type"": ""Point""}";48.86802072101611, 2.3336487113910276;2.3336487113910276, 48.86802072101611
75104-T-234;rue Saint Antoine;75104;13 RUE SAINT-ANTOINE;4;;;en service;"{""coordinates"": [2.3667863819295443, 48.85336439015277], ""type"": ""Point""}";48.85336439015277, 2.3667863819295443;2.3667863819295443, 48.85336439015277
75119-T-100;Buttes Chaumont - Botzaris;75119;28 RUE BOTZARIS;3;0142060132;;en service;"{""coordinates"": [2.381266165830271, 48.877820126942005], ""type"": ""Point""}";48.877820126942005, 2.381266165830271;2.381266165830271, 48.877820126942005
75116-T-398;Avenue Pierre Ier De Serbie;75116;12 AVENUE PIERRE IER DE SERBIE;4;;;en service;"{""coordinates"": [2.2969579939595146, 48.866295866541996], ""type"": ""Point""}";48.866295866541996, 2.2969579939595146;2.2969579939595146, 48.866295866541996
75116-T-408;Iéna /Musée Guimet;75116;9 AVENUE D'IENA;5;;;en service;"{""coordinates"": [2.294311138815404, 48.86546185448578], ""type"": ""Point""}";48.86546185448578, 2.294311138815404;2.294311138815404, 48.86546185448578
75109-T-325;Pierre Fontaine;75109;49 RUE PIERRE FONTAINE;4;;;en service;"{""coordinates"": [2.332602516722202, 48.88342604158083], ""type"": ""Point""}";48.88342604158083, 2.332602516722202;2.332602516722202, 48.88342604158083
75110-T-334;Ambroise Paré;75110;3 RUE AMBROISE PARE;10;;;en service;"{""coordinates"": [2.3534298556317843, 48.88173914395166], ""type"": ""Point""}";48.88173914395166, 2.3534298556317843;2.3534298556317843, 48.88173914395166
75110-T-335;Bichat;75110;47 RUE BICHAT;5;;;en service;"{""coordinates"": [2.3668106236009794, 48.87259792267491], ""type"": ""Point""}";48.87259792267491, 2.3668106236009794;2.3668106236009794, 48.87259792267491
75108-T-264;Montaigne/Plaza Athénée;75108;31 AVENUE MONTAIGNE;6;;;en service;"{""coordinates"": [2.305125835613393, 48.86646304322947], ""type"": ""Point""}";48.86646304322947, 2.305125835613393;2.305125835613393, 48.86646304322947
75108-T-266;Plaza Athénée;75108;27 AVENUE MONTAIGNE;7;;du 27 au 29;en service;"{""coordinates"": [2.3045247887429072, 48.86616683237467], ""type"": ""Point""}";48.86616683237467, 2.3045247887429072;2.3045247887429072, 48.86616683237467
75108-T-281;Matignon / Ponthieu;75108;5 AVENUE MATIGNON;6;;;en service;"{""coordinates"": [2.3117408546917217, 48.86988789348369], ""type"": ""Point""}";48.86988789348369, 2.3117408546917217;2.3117408546917217, 48.86988789348369
75108-T-283;Madeleine / Vignon;75108;16 BOULEVARD DE LA MADELEINE;6;;;en service;"{""coordinates"": [2.3252991226940187, 48.86955864699722], ""type"": ""Point""}";48.86955864699722, 2.3252991226940187;2.3252991226940187, 48.86955864699722
75108-T-286;Balzac;75108;19 RUE BALZAC;1;;;en service;"{""coordinates"": [2.302044746178373, 48.875134949732114], ""type"": ""Point""}";48.875134949732114, 2.302044746178373;2.302044746178373, 48.875134949732114
75111-T-345;Voltaire / Montreuil;75111;255 BOULEVARD VOLTAIRE;5;;;en service;"{""coordinates"": [2.393205361526282, 48.85025697163553], ""type"": ""Point""}";48.85025697163553, 2.393205361526282;2.393205361526282, 48.85025697163553
75112-T-359;Reuilly Dugommier;75112;2 BOULEVARD DE REUILLY;5;;;en service;"{""coordinates"": [2.389847973622055, 48.838682570840014], ""type"": ""Point""}";48.838682570840014, 2.389847973622055;2.389847973622055, 48.838682570840014
75113-T-907;Gare d'Austerlitz SNCF;75113;79 COUR SEINE;10;;;en service;"{""coordinates"": [2.366443239664965, 48.842782176737195], ""type"": ""Point""}";48.842782176737195, 2.366443239664965;2.366443239664965, 48.842782176737195
75115-T-910;Gare Montparnasse - Pasteur - Taxis Libres;75115;PARKING PASTEUR;20;;;en service;"{""coordinates"": [2.316821531994814, 48.83912178651297], ""type"": ""Point""}";48.83912178651297, 2.316821531994814;2.316821531994814, 48.83912178651297
75115-T-400;Arrivée;75115;22 RUE DE L'ARRIVEE;15;;;en service;"{""coordinates"": [2.3212209851372934, 48.84291197499382], ""type"": ""Point""}";48.84291197499382, 2.3212209851372934;2.3212209851372934, 48.84291197499382
75117-T-461;Place des Ternes;75117;5 PLACE DES TERNES;6;;;en service;"{""coordinates"": [2.297651756534375, 48.87840460752123], ""type"": ""Point""}";48.87840460752123, 2.297651756534375;2.297651756534375, 48.87840460752123
75108-T-292;Champs-Elysée - Colisée;75108;44 AVENUE DES CHAMPS ELYSEES;17;;;en service;"{""coordinates"": [2.3072775481099574, 48.87024901648723], ""type"": ""Point""}";48.87024901648723, 2.3072775481099574;2.3072775481099574, 48.87024901648723
75115-T-385;Place de Breteuil /Valentin Hauy;75115;4 PLACE DE BRETEUIL;5;;;en service;"{""coordinates"": [2.3110011131633645, 48.84718552920911], ""type"": ""Point""}";48.84718552920911, 2.3110011131633645;2.3110011131633645, 48.84718552920911
75118-T-470;Nodier / Picard;75118;1 RUE CHARLES NODIER;3;;;en service;"{""coordinates"": [2.3447489778431385, 48.88476541016117], ""type"": ""Point""}";48.88476541016117, 2.3447489778431385;2.3447489778431385, 48.88476541016117
75115-T-911;Gare Montparnasse SNCF;75115;17 PARKING VAUGIRARD;;;;en service;"{""coordinates"": [2.317884809279539, 48.841098835106344], ""type"": ""Point""}";48.841098835106344, 2.317884809279539;2.317884809279539, 48.841098835106344
75114-T-061;Plaisance;75114;132 RUE RAYMOND LOSSERAND;8;0145416600;;en service;"{""coordinates"": [2.3137275861404536, 48.83163838470308], ""type"": ""Point""}";48.83163838470308, 2.3137275861404536;2.3137275861404536, 48.83163838470308
75117-T-091;Villiers - Courcelles;75117;3 AVENUE DE VILLIERS;19;0146220000;;en service;"{""coordinates"": [2.3148358882448776, 48.881528425489535], ""type"": ""Point""}";48.881528425489535, 2.3148358882448776;2.3148358882448776, 48.881528425489535
75108-T-032;Saint Augustin;75108;42 BOULEVARD MALESHERBES;11;0147425473;;en service;"{""coordinates"": [2.320349073027825, 48.87448148970032], ""type"": ""Point""}";48.87448148970032, 2.320349073027825;2.320349073027825, 48.87448148970032
75108-T-029;Rond Point des Champs Elysées;75108;AVENUE MATIGNON;6;0142562900;;en service;"{""coordinates"": [2.3107694330161412, 48.86938752567032], ""type"": ""Point""}";48.86938752567032, 2.3107694330161412;2.3107694330161412, 48.86938752567032
75111-T-993;Voltaire;75111;boulevard voltaire;10;;;station provisoire;"{""coordinates"": [2.38110712141893, 48.85716423687006], ""type"": ""Point""}";48.85716423687006, 2.38110712141893;2.38110712141893, 48.85716423687006
75107-T-920;CHARLES FLOQUET;75107;6 AVENUE CHARLES FLOQUET;1;;;en service;"{""coordinates"": [2.2936710078127134, 48.85650793704694], ""type"": ""Point""}";48.85650793704694, 2.2936710078127134;2.2936710078127134, 48.85650793704694
75109-T-312;Place Pigalle;75109;11 PLACE PIGALLE;4;;;en service;"{""coordinates"": [2.336779083163067, 48.882241877512136], ""type"": ""Point""}";48.882241877512136, 2.336779083163067;2.336779083163067, 48.882241877512136
75120-T-490;Hôpital Tenon;75120;4 RUE DE LA CHINE;9;;;en service;"{""coordinates"": [2.400761748683666, 48.86571992177714], ""type"": ""Point""}";48.86571992177714, 2.400761748683666;2.400761748683666, 48.86571992177714
75109-T-322;Drouot;75109;12 RUE DROUOT;5;;;en service;"{""coordinates"": [2.34053049121832, 48.87291960270752], ""type"": ""Point""}";48.87291960270752, 2.34053049121832;2.34053049121832, 48.87291960270752
75104-T-236;Morland;75104;19 BOULEVARD MORLAND;3;;;en service;"{""coordinates"": [2.3625835367669503, 48.85053154499372], ""type"": ""Point""}";48.85053154499372, 2.3625835367669503;2.3625835367669503, 48.85053154499372
75107-T-248;Bosquet;75107;37 AVENUE BOSQUET;4;;;en service;"{""coordinates"": [2.303782498876099, 48.85866644467848], ""type"": ""Point""}";48.85866644467848, 2.303782498876099;2.303782498876099, 48.85866644467848
75108-T-259;George V / Pierre 1er de Serbie;75108;33 AVENUE GEORGE V;15;;su 33 au 37;en service;"{""coordinates"": [2.300758401069559, 48.86950627033426], ""type"": ""Point""}";48.86950627033426, 2.300758401069559;2.300758401069559, 48.86950627033426
75108-T-270;Rome / Constantinople;75108;56 RUE DE ROME;5;;;en service;"{""coordinates"": [2.3216854336863344, 48.879663487753284], ""type"": ""Point""}";48.879663487753284, 2.3216854336863344;2.3216854336863344, 48.879663487753284
75108-T-272;Saint Honoré / Matignon;75108;114 RUE DU FAUBOURG SAINT-HONORE;4;;;en service;"{""coordinates"": [2.314532247921116, 48.87175161982706], ""type"": ""Point""}";48.87175161982706, 2.314532247921116;2.314532247921116, 48.87175161982706
75112-T-355;Hôpital Rothschild;75112;1 RUE SANTERRE;4;;;en service;"{""coordinates"": [2.397595639037371, 48.84275840373098], ""type"": ""Point""}";48.84275840373098, 2.397595639037371;2.397595639037371, 48.84275840373098
75113-T-369;Hôpital Pitié Salpêtrière;75113;83 BOULEVARD DE L'HOPITAL;6;;;en service;"{""coordinates"": [2.3611649466821003, 48.838608524047864], ""type"": ""Point""}";48.838608524047864, 2.3611649466821003;2.3611649466821003, 48.838608524047864
75117-T-455;Brochant;75117;30 RUE BROCHANT;5;;;en service;"{""coordinates"": [2.3200285691083358, 48.89040773858004], ""type"": ""Point""}";48.89040773858004, 2.3200285691083358;2.3200285691083358, 48.89040773858004
75117-T-459;Courcelles / Parc Monceau;75117;22 BOULEVARD DE COURCELLES;4;;;en service;"{""coordinates"": [2.3132131658632, 48.881102075543616], ""type"": ""Point""}";48.881102075543616, 2.3132131658632;2.3132131658632, 48.881102075543616
75116-T-435;Place de l'Uruguay;75116;68 RUE GALILEE;3;;;en service;"{""coordinates"": [2.2958748955037387, 48.86966963103177], ""type"": ""Point""}";48.86966963103177, 2.2958748955037387;2.2958748955037387, 48.86966963103177
75116-T-075;Radio France - pont de Grenelle;75116;PLACE CLÉMENT ADER;7;0145245617;;en service;"{""coordinates"": [2.278459497701374, 48.85158319384556], ""type"": ""Point""}";48.85158319384556, 2.278459497701374;2.278459497701374, 48.85158319384556
75116-T-078;Place Victor Hugo;75116;1 PLACE VICTOR HUGO;7;0145530011;;en service;"{""coordinates"": [2.2858315135364795, 48.869790907141535], ""type"": ""Point""}";48.869790907141535, 2.2858315135364795;2.2858315135364795, 48.869790907141535
75103-T-039;République;75103;9 PLACE DE LA RÉPUBLIQUE;7;0142714204;;en service;"{""coordinates"": [2.364015863747732, 48.866661538522884], ""type"": ""Point""}";48.866661538522884, 2.364015863747732;2.364015863747732, 48.866661538522884
75106-T-019;Sèvres Babylone;75106;27 RUE DU CHERCHE MIDI;6;0145488475;;en service;"{""coordinates"": [2.327248174611378, 48.85057184188199], ""type"": ""Point""}";48.85057184188199, 2.327248174611378;2.327248174611378, 48.85057184188199
75102-T-006;Strasbourg Saint-Denis;75102;252 BOULEVARD SAINT DENIS;7;;;en service;"{""coordinates"": [2.3525919074128088, 48.869289648727026], ""type"": ""Point""}";48.869289648727026, 2.3525919074128088;2.3525919074128088, 48.869289648727026
75115-T-389;Jean Rey /Hotel Mercure;75115;14 RUE JEAN REY;11;;;en service;"{""coordinates"": [2.291606069616583, 48.85531353917177], ""type"": ""Point""}";48.85531353917177, 2.291606069616583;2.291606069616583, 48.85531353917177
75115-T-391;Motte-Picquet;75115;45 AVENUE DE LA MOTTE-PICQUET;4;;;en service;"{""coordinates"": [2.300664477099725, 48.8507334073687], ""type"": ""Point""}";48.8507334073687, 2.300664477099725;2.300664477099725, 48.8507334073687
75115-T-996;Grenelle - La Motte Picquet;75115;125 boulevard de grenelle;5;;;en service;"{""coordinates"": [2.2994951836160995, 48.84877232854187], ""type"": ""Point""}";48.84877232854187, 2.2994951836160995;2.2994951836160995, 48.84877232854187
75107-T-024;Gare des Invalides;75107;1 RUE ROBERT ESNAULT-PELTERIE;9;;;en service;"{""coordinates"": [2.31522565209789, 48.861957278944004], ""type"": ""Point""}";48.861957278944004, 2.31522565209789;2.31522565209789, 48.861957278944004
75115-T-393;Suffren;75115;94 AVENUE DE SUFFREN;6;;;en service;"{""coordinates"": [2.301671853290245, 48.8505193588041], ""type"": ""Point""}";48.8505193588041, 2.301671853290245;2.301671853290245, 48.8505193588041
75108-T-290;Vignon;75108;38 RUE VIGNON;3;;;en service;"{""coordinates"": [2.326581043283473, 48.87264171872858], ""type"": ""Point""}";48.87264171872858, 2.326581043283473;2.326581043283473, 48.87264171872858
75116-T-415;Victor Hugo /Etoile;75116;1 AVENUE VICTOR HUGO;11;;;en service;"{""coordinates"": [2.293004505030916, 48.87278210967942], ""type"": ""Point""}";48.87278210967942, 2.293004505030916;2.293004505030916, 48.87278210967942
75103-T-226;Temple;75103;31 BOULEVARD DU TEMPLE;5;;;en service;"{""coordinates"": [2.365030055410579, 48.86549099288855], ""type"": ""Point""}";48.86549099288855, 2.365030055410579;2.365030055410579, 48.86549099288855
75101-T-202;Castiglione pair;75101;6 RUE DE CASTIGLIONE;4;;;en service;"{""coordinates"": [2.327880698510136, 48.86564573279957], ""type"": ""Point""}";48.86564573279957, 2.327880698510136;2.327880698510136, 48.86564573279957
75115-T-405;Cotentin;75115;22 RUE DU COTENTIN;2;;;en service;"{""coordinates"": [2.3148124641368772, 48.838737936759], ""type"": ""Point""}";48.838737936759, 2.3148124641368772;2.3148124641368772, 48.838737936759
75106-T-245;Place Saint-Sulpice;75106;104 PLACE SAINT-SULPICE;6;;;en service;"{""coordinates"": [2.3426789722142547, 48.85166321384191], ""type"": ""Point""}";48.85166321384191, 2.3426789722142547;2.3426789722142547, 48.85166321384191
75106-T-243;Saint-Germain/Ancienne comédie;75106;134 BOULEVARD SAINT-GERMAIN;10;01 43 26 00 00;;en service;"{""coordinates"": [2.3386232232541646, 48.85259735527755], ""type"": ""Point""}";48.85259735527755, 2.3386232232541646;2.3386232232541646, 48.85259735527755
75111-T-349;Amelot;75111;108 RUE AMELOT;5;;;en service;"{""coordinates"": [2.3673098712778593, 48.86300164224682], ""type"": ""Point""}";48.86300164224682, 2.3673098712778593;2.3673098712778593, 48.86300164224682
75111-T-352;Hôpital Saint-Antoine;75111;188 RUE DU FAUBOURG SAINT-ANTOINE;5;;;en service;"{""coordinates"": [2.3835190535230018, 48.85024875417021], ""type"": ""Point""}";48.85024875417021, 2.3835190535230018;2.3835190535230018, 48.85024875417021
75113-T-367;Vincent Auriol / Chevaleret;75113;83 BOULEVARD VINCENT AURIOL;3;;;en service;"{""coordinates"": [2.3671872459975347, 48.83427166040812], ""type"": ""Point""}";48.83427166040812, 2.3671872459975347;2.3671872459975347, 48.83427166040812
75114-T-374;Maine / Place Vicor et Hélène Basch;75114;228 AVENUE DU MAINE;3;;;en service;"{""coordinates"": [2.326456705842373, 48.82842076916509], ""type"": ""Point""}";48.82842076916509, 2.326456705842373;2.326456705842373, 48.82842076916509
75117-T-450;Malesherbes / Ampère;75117;155 BOULEVARD MALESHERBES;8;;;en service;"{""coordinates"": [2.306429413803622, 48.88563531491577], ""type"": ""Point""}";48.88563531491577, 2.306429413803622;2.306429413803622, 48.88563531491577
75115-T-396;Place Charles Michels;75115;65 Avenue Emile Zola;4;;;en service;"{""coordinates"": [2.285005895609596, 48.84639238206003], ""type"": ""Point""}";48.84639238206003, 2.285005895609596;2.285005895609596, 48.84639238206003
75119-T-478;Manin/Fondation ophtalmologique Rothschild;75119;25 RUE MANIN;5;;;en service;"{""coordinates"": [2.3782005147045484, 48.87791211866622], ""type"": ""Point""}";48.87791211866622, 2.3782005147045484;2.3782005147045484, 48.87791211866622
75114-T-381;Rue des Plantes;75114;66 RUE DES PLANTES;5;;;en service;"{""coordinates"": [2.3200094164985883, 48.82674614480345], ""type"": ""Point""}";48.82674614480345, 2.3200094164985883;2.3200094164985883, 48.82674614480345
75102-T-117;Etienne Marcel;75102;30 RUE ETIENNE MARCEL;3;;;en service;"{""coordinates"": [2.3469027162464164, 48.86447936976294], ""type"": ""Point""}";48.86447936976294, 2.3469027162464164;2.3469027162464164, 48.86447936976294
75116-T-436;la Fontaine;75116;122 RUE JEAN DE LA FONTAINE;5;;;en service;"{""coordinates"": [2.2646512266284384, 48.848312361376514], ""type"": ""Point""}";48.848312361376514, 2.2646512266284384;2.2646512266284384, 48.848312361376514
75117-T-086;Pont Cardinet;75117;165 RUE DE ROME;5;;;en service;"{""coordinates"": [2.2978814990274805, 48.8856784112865], ""type"": ""Point""}";48.8856784112865, 2.2978814990274805;2.2978814990274805, 48.8856784112865
75104-T-916;TOUR SAINT JACQUES;75104;18 RUE SAINT-MARTIN;4;;;en service;"{""coordinates"": [2.3494065693910255, 48.85773378174813], ""type"": ""Point""}";48.85773378174813, 2.3494065693910255;2.3494065693910255, 48.85773378174813
75108-T-274;François 1er / Marbeuf;75108;44 RUE FRANCOIS 1ER;4;;;en service;"{""coordinates"": [2.3040668837150133, 48.86855326914259], ""type"": ""Point""}";48.86855326914259, 2.3040668837150133;2.3040668837150133, 48.86855326914259
75116-T-412;Kléber / Portugais;75116;19 AVENUE KLEBER;7;;;en service;"{""coordinates"": [2.2933211405864538, 48.87109050931021], ""type"": ""Point""}";48.87109050931021, 2.2933211405864538;2.2933211405864538, 48.87109050931021
75106-T-246;Tournon / Sénat;75106;18 RUE DE TOURNON;3;;;en service;"{""coordinates"": [2.337130379343512, 48.84944086052796], ""type"": ""Point""}";48.84944086052796, 2.337130379343512;2.337130379343512, 48.84944086052796
75108-T-269;Malesherbes / Monceau;75108;103 BOULEVARD MALESHERBES;3;;du 103 au 105;en service;"{""coordinates"": [2.313729610089249, 48.87963056025472], ""type"": ""Point""}";48.87963056025472, 2.313729610089249;2.313729610089249, 48.87963056025472
75108-T-279;Tronchet;75108;5 RUE TRONCHET;6;;;en service;"{""coordinates"": [2.325145652563093, 48.871274119459436], ""type"": ""Point""}";48.871274119459436, 2.325145652563093;2.325145652563093, 48.871274119459436
75108-T-289;La Boétie;75108;27 RUE LA BOETIE;2;;;en service;"{""coordinates"": [2.3160999326445024, 48.87385403733685], ""type"": ""Point""}";48.87385403733685, 2.3160999326445024;2.3160999326445024, 48.87385403733685
75111-T-343;Voltaire / Sedaine;75111;122 BOULEVARD VOLTAIRE;4;;;en service;"{""coordinates"": [2.37824277261617, 48.85872511744088], ""type"": ""Point""}";48.85872511744088, 2.37824277261617;2.37824277261617, 48.85872511744088
75111-T-351;Roquette / Saint-Maur;75111;133 RUE DE LA ROQUETTE;4;;;en service;"{""coordinates"": [2.383617391683781, 48.8587600113093], ""type"": ""Point""}";48.8587600113093, 2.383617391683781;2.383617391683781, 48.8587600113093
75113-T-366;Vincent Auriol / Quai de la Gare;75113;3 BOULEVARD VINCENT AURIOL;5;;;en service;"{""coordinates"": [2.373565127009778, 48.83706770423062], ""type"": ""Point""}";48.83706770423062, 2.373565127009778;2.373565127009778, 48.83706770423062
75118-T-466;Rochechouart / Briquet;75118;64 BOULEVARD DE ROCHECHOUART;7;;;en service;"{""coordinates"": [2.3446570842833583, 48.88318132179045], ""type"": ""Point""}";48.88318132179045, 2.3446570842833583;2.3446570842833583, 48.88318132179045
75114-T-380;Romain Rolland;75114;29 BOULEVARD ROMAIN ROLLAND;9;;;en service;"{""coordinates"": [2.324713397326531, 48.819947090805734], ""type"": ""Point""}";48.819947090805734, 2.324713397326531;2.324713397326531, 48.819947090805734
75120-T-115;Porte de Montreuil;75120;3 AVENUE DE LA PORTE DE MONTREUIL;4;0143700000;;en service;"{""coordinates"": [2.4110979972579605, 48.85367651930858], ""type"": ""Point""}";48.85367651930858, 2.4110979972579605;2.4110979972579605, 48.85367651930858
75117-T-448;Niel / Bayen;75117;7 AVENUE NIEL;3;;;en service;"{""coordinates"": [2.2943700506469926, 48.87941380092191], ""type"": ""Point""}";48.87941380092191, 2.2943700506469926;2.2943700506469926, 48.87941380092191
75115-T-063;Place Charles Michels;75115;56 RUE LINOIS;5;0145782000;;en service;"{""coordinates"": [2.285079206806228, 48.84693825854762], ""type"": ""Point""}";48.84693825854762, 2.285079206806228;2.285079206806228, 48.84693825854762
75115-T-383;Grenelle/Bir Hakeim;75115;3 BOULEVARD DE GRENELLE;4;;du 3 au 9;en service;"{""coordinates"": [2.289345613318307, 48.854289523420924], ""type"": ""Point""}";48.854289523420924, 2.289345613318307;2.289345613318307, 48.854289523420924
75115-T-398;Balard /  Convention;75115;1 RUE BALARD;7;;;en service;"{""coordinates"": [2.2771898557983326, 48.845644395277105], ""type"": ""Point""}";48.845644395277105, 2.2771898557983326;2.2771898557983326, 48.845644395277105
75120-T-487;Belleville / Télégraphe;75120;240 RUE DE BELLEVILLE;2;;;en service;"{""coordinates"": [2.398724977597637, 48.87542437787055], ""type"": ""Point""}";48.87542437787055, 2.398724977597637;2.398724977597637, 48.87542437787055
75102-T-222;Rue de la Paix;75102;13 RUE DE LA PAIX;4;;;en service;"{""coordinates"": [2.331093630696817, 48.869330064735486], ""type"": ""Point""}";48.869330064735486, 2.331093630696817;2.331093630696817, 48.869330064735486
75103-T-227;Boulevard Saint-Denis;75103;7 BOULEVARD SAINT-DENIS;10;;;en service;"{""coordinates"": [2.354725780016315, 48.86904539917889], ""type"": ""Point""}";48.86904539917889, 2.354725780016315;2.354725780016315, 48.86904539917889
75119-T-102;Flandres - Argone;75119;152 AVENUE DE FLANDRE;6;;;en service;"{""coordinates"": [2.3807130666814147, 48.89392890779952], ""type"": ""Point""}";48.89392890779952, 2.3807130666814147;2.3807130666814147, 48.89392890779952
75119-T-101;Porte des Lilas;75119;2 AVENUE DE LA PORTE DES LILAS;12;0142027140;;en service;"{""coordinates"": [2.4101605544229674, 48.87831406269205], ""type"": ""Point""}";48.87831406269205, 2.4101605544229674;2.4101605544229674, 48.87831406269205
75109-T-317;La Fayette / Le Peletier;75109;44 RUE LA FAYETTE;4;;;en service;"{""coordinates"": [2.3401887496625284, 48.87490897752145], ""type"": ""Point""}";48.87490897752145, 2.3401887496625284;2.3401887496625284, 48.87490897752145
75109-T-324;Havre;75109;1 RUE DU HAVRE;4;;;en service;"{""coordinates"": [2.326476311640309, 48.87414658772309], ""type"": ""Point""}";48.87414658772309, 2.326476311640309;2.326476311640309, 48.87414658772309
75110-T-332;Saint-Martin Faubourg / Gare de l'Est;75110;147 RUE DU FAUBOURG SAINT-MARTIN;25;;;en service;"{""coordinates"": [2.3607810811867855, 48.87684775498742], ""type"": ""Point""}";48.87684775498742, 2.3607810811867855;2.3607810811867855, 48.87684775498742
75107-T-255;Bac;75107;142 RUE DU BAC;9;;;en service;"{""coordinates"": [2.3237789247313585, 48.85081086828551], ""type"": ""Point""}";48.85081086828551, 2.3237789247313585;2.3237789247313585, 48.85081086828551
75108-T-265;Montaigne / François 1er;75108;41 AVENUE MONTAIGNE;11;;;en service;"{""coordinates"": [2.306434432741967, 48.867308888183004], ""type"": ""Point""}";48.867308888183004, 2.306434432741967;2.306434432741967, 48.867308888183004
75108-T-268;Malesherbes / Laborde;75108;55 BOULEVARD MALESHERBES;3;;;en service;"{""coordinates"": [2.31846525158127, 48.87575012344976], ""type"": ""Point""}";48.87575012344976, 2.31846525158127;2.31846525158127, 48.87575012344976
75112-T-364;Reuilly / Erard;75112;37 RUE DE REUILLY;2;;;en service;"{""coordinates"": [2.3873527839204316, 48.846781197180796], ""type"": ""Point""}";48.846781197180796, 2.3873527839204316;2.3873527839204316, 48.846781197180796
75113-T-370;Tolbiac / Vergnaud;75113;225 RUE DE TOLBIAC;5;;;en service;"{""coordinates"": [2.3455974636572003, 48.82577605632897], ""type"": ""Point""}";48.82577605632897, 2.3455974636572003;2.3455974636572003, 48.82577605632897
75101-T-212;Louvre;75101;17 RUE DU LOUVRE;4;;;en service;"{""coordinates"": [2.3423195184348344, 48.86412558037499], ""type"": ""Point""}";48.86412558037499, 2.3423195184348344;2.3423195184348344, 48.86412558037499
75113-T-057;Porte de Choisy;75113;119 BOULEVARD MASSENA;8;;;en service;"{""coordinates"": [2.363622579127808, 48.819355004006276], ""type"": ""Point""}";48.819355004006276, 2.363622579127808;2.363622579127808, 48.819355004006276
75112-T-044;Bastille;75112;10 PLACE DE LA BASTILLE;9;0143470332;;en service;"{""coordinates"": [2.3698595291414475, 48.853095613641415], ""type"": ""Point""}";48.853095613641415, 2.3698595291414475;2.3698595291414475, 48.853095613641415
75115-T-068;La Motte-Picquet Grenelle;75115;66 AVENUE DE LA MOTTE-PICQUET;12;0145660000;;en service;"{""coordinates"": [2.2981621487359516, 48.84950073973344], ""type"": ""Point""}";48.84950073973344, 2.2981621487359516;2.2981621487359516, 48.84950073973344
75106-T-017;Port Royal - Observatoire;75106;18 AVENUE DE L'OBSERVATOIRE;3;;;en service;"{""coordinates"": [2.3367325840669864, 48.8405820250022], ""type"": ""Point""}";48.8405820250022, 2.3367325840669864;2.3367325840669864, 48.8405820250022
75109-T-316;La Fayette/ Le Peletier;75109;32 Rue Le Peletier;5;;;en service;"{""coordinates"": [2.339134757775101, 48.87445407455549], ""type"": ""Point""}";48.87445407455549, 2.339134757775101;2.339134757775101, 48.87445407455549
75111-T-041;Mairie du 11è - Léon Blum;75111;PLACE LÉON BLUM;8;0143790000;;en service;"{""coordinates"": [2.380096711412443, 48.85802200479088], ""type"": ""Point""}";48.85802200479088, 2.380096711412443;2.380096711412443, 48.85802200479088
75108-T-296;Champs Elysées /Bauchart;75108;91 AVENUE DES CHAMPS ELYSEES;3;;;en service;"{""coordinates"": [2.302109110378526, 48.87116742101719], ""type"": ""Point""}";48.87116742101719, 2.302109110378526;2.302109110378526, 48.87116742101719
75112-T-357;Terroirs de France;75112;26 AVENUE DES TERROIRS DE FRANCE;9;;;en service;"{""coordinates"": [2.38807413597248, 48.83150302784172], ""type"": ""Point""}";48.83150302784172, 2.38807413597248;2.38807413597248, 48.83150302784172
75108-T-929;Rue François Ier;75108;41 RUE FRANÇOIS IER;3;;;en service;"{""coordinates"": [2.3031443695431806, 48.86890520377347], ""type"": ""Point""}";48.86890520377347, 2.3031443695431806;2.3031443695431806, 48.86890520377347
75120-T-486;Charonne / Avron;75120;44 RUE DE CHARONNE;4;;;en service;"{""coordinates"": [2.398570601471786, 48.85121876662204], ""type"": ""Point""}";48.85121876662204, 2.398570601471786;2.398570601471786, 48.85121876662204
75120-T-113;Père Lachaise - Ménilmontant;75120;26 BOULEVARD DE MÉNILMONTANT;12;;;en service;"{""coordinates"": [2.3890000575353527, 48.85970998512391], ""type"": ""Point""}";48.85970998512391, 2.3890000575353527;2.3890000575353527, 48.85970998512391
75115-T-404;Morillons / Dantzig;75115;35 RUE DES MORILLONS;9;;;en service;"{""coordinates"": [2.2990275258514794, 48.83346288578793], ""type"": ""Point""}";48.83346288578793, 2.2990275258514794;2.2990275258514794, 48.83346288578793
75109-T-318;Scribe Impair;75109;2 RUE SCRIBE;4;;;en service;"{""coordinates"": [2.3302703656204735, 48.87076776152817], ""type"": ""Point""}";48.87076776152817, 2.3302703656204735;2.3302703656204735, 48.87076776152817
75109-T-306;Haussmann / Laffitte;75109;10 BOULEVARD HAUSSMANN;4;;;en service;"{""coordinates"": [2.3389217263012982, 48.87230033805631], ""type"": ""Point""}";48.87230033805631, 2.3389217263012982;2.3389217263012982, 48.87230033805631
75108-T-263;Marceau/Intercontinental;75108;64 AVENUE MARCEAU;9;;;en service;"{""coordinates"": [2.2978737740870163, 48.87084972543335], ""type"": ""Point""}";48.87084972543335, 2.2978737740870163;2.2978737740870163, 48.87084972543335
75115-T-397;Place Etienne-Pernet;75115;20 PLACE ETIENNE PERNET;5;;;en service;"{""coordinates"": [2.29202471624356, 48.84296780853331], ""type"": ""Point""}";48.84296780853331, 2.29202471624356;2.29202471624356, 48.84296780853331
75117-T-451;Pereire / Tocqueville;75117;55 BOULEVARD PEREIRE;6;;;en service;"{""coordinates"": [2.307330507516014, 48.88741644590665], ""type"": ""Point""}";48.88741644590665, 2.307330507516014;2.307330507516014, 48.88741644590665
75118-T-465;Clichy / Houdon;75118;16 BOULEVARD DE CLICHY;12;;;en service;"{""coordinates"": [2.3380072197135875, 48.882438334643524], ""type"": ""Point""}";48.882438334643524, 2.3380072197135875;2.3380072197135875, 48.882438334643524
75119-T-474;Flandre / Ourcq;75119;110 AVENUE DE FLANDRE;5;;;en service;"{""coordinates"": [2.3785690849015095, 48.8917800717628], ""type"": ""Point""}";48.8917800717628, 2.3785690849015095;2.3785690849015095, 48.8917800717628
75119-T-476;Serurier / Philarmonie;75119;185 BOULEVARD SERURIER;24;;;en service;"{""coordinates"": [2.3950560968528047, 48.890628729837665], ""type"": ""Point""}";48.890628729837665, 2.3950560968528047;2.3950560968528047, 48.890628729837665
75119-T-477;Belleville/Place du général Ingold;75119;6 RUE DE BELLEVILLE;5;;;en service;"{""coordinates"": [2.377210881371872, 48.87223395113604], ""type"": ""Point""}";48.87223395113604, 2.377210881371872;2.377210881371872, 48.87223395113604
75112-T-049;Mairie du 12ème;75112;157 AVENUE DAUMESNIL;6;;;en service;"{""coordinates"": [2.3880550940863228, 48.84128002495563], ""type"": ""Point""}";48.84128002495563, 2.3880550940863228;2.3880550940863228, 48.84128002495563
75113-T-053;Abbé Georges Hénocque;75113;8 PLACE DE L'ABBÉ GEORGES HÉNOCQUE;2;;;en service;"{""coordinates"": [2.352919316058243, 48.823624711756274], ""type"": ""Point""}";48.823624711756274, 2.352919316058243;2.352919316058243, 48.823624711756274
75116-T-073;Porte de Saint Cloud;75116;5 PLACE DE LA PORTE DE SAINT-CLOUD;9;0146516040;;en service;"{""coordinates"": [2.2576158201272665, 48.837471713152404], ""type"": ""Point""}";48.837471713152404, 2.2576158201272665;2.2576158201272665, 48.837471713152404
75117-T-084;Porte Maillot;75117;80 AVENUE DE LA GRANDE ARMÉE;57;;;en service;"{""coordinates"": [2.28451824978396, 48.87748351082448], ""type"": ""Point""}";48.87748351082448, 2.28451824978396;2.28451824978396, 48.87748351082448
75107-T-025;La Tour Maubourg - Invalides;75107;58 BOULEVARD DE LA TOUR-MAUBOURG;10;0145557842;;en service;"{""coordinates"": [2.309788238548364, 48.857948977029736], ""type"": ""Point""}";48.857948977029736, 2.309788238548364;2.309788238548364, 48.857948977029736
75102-T-005;Opéra;75102;4 PLACE DE L OPERA;4;0147427575;;en service;"{""coordinates"": [2.3328322325270836, 48.8704409760417], ""type"": ""Point""}";48.8704409760417, 2.3328322325270836;2.3328322325270836, 48.8704409760417
75101-T-004;Place Vendôme;75101;25 PLACE VENDOME;6;;;en service;"{""coordinates"": [2.330031609133001, 48.86826891448731], ""type"": ""Point""}";48.86826891448731, 2.330031609133001;2.330031609133001, 48.86826891448731
75108-T-282;Myron Herrick;75108;3 AVENUE MYRON HERRICK;7;;;en service;"{""coordinates"": [2.3099129379392953, 48.87330582274874], ""type"": ""Point""}";48.87330582274874, 2.3099129379392953;2.3099129379392953, 48.87330582274874
75116-T-427;Mozart / Ranelagh;75116;48 AVENUE MOZART;6;;;en service;"{""coordinates"": [2.270009684090198, 48.85542991007948], ""type"": ""Point""}";48.85542991007948, 2.270009684090198;2.270009684090198, 48.85542991007948
75116-T-438;Marceau / Chaillot;75116;45 AVENUE MARCEAU;7;;;en service;"{""coordinates"": [2.298653102574208, 48.8687340150263], ""type"": ""Point""}";48.8687340150263, 2.298653102574208;2.298653102574208, 48.8687340150263
75116-T-437;Porte Maillot - Hackin;75116;3  / VOIE AS/16;4;;;en service;"{""coordinates"": [2.280671960457252, 48.87800997260129], ""type"": ""Point""}";48.87800997260129, 2.280671960457252;2.280671960457252, 48.87800997260129
75117-T-442;Villiers / Cardinet;75117;51 AVENUE DE VILLIERS;3;;;en service;"{""coordinates"": [2.3068408064306594, 48.88322553536262], ""type"": ""Point""}";48.88322553536262, 2.3068408064306594;2.3068408064306594, 48.88322553536262
75117-T-444;Wagram / Place d'Israël;75117;126 AVENUE DE WAGRAM;4;;;en service;"{""coordinates"": [2.3033041948892063, 48.88480720734847], ""type"": ""Point""}";48.88480720734847, 2.3033041948892063;2.3033041948892063, 48.88480720734847
75116-T-423;Bugeaud / La Faisanderie;75116;57 AVENUE BUGEAUD;8;;;en service;"{""coordinates"": [2.2779425612746254, 48.87121476542796], ""type"": ""Point""}";48.87121476542796, 2.2779425612746254;2.2779425612746254, 48.87121476542796
75110-T-329;Saint-Denis Faubourg /Fidélité;75110;96 RUE DU FAUBOURG SAINT-DENIS;7;;;en service;"{""coordinates"": [2.355613816455035, 48.874518429597664], ""type"": ""Point""}";48.874518429597664, 2.355613816455035;2.355613816455035, 48.874518429597664
75106-T-241;Place Henri Mondor;75106;93 BOULEVARD SAINT-GERMAIN;4;;;en service;"{""coordinates"": [2.3392801730383246, 48.85217917700279], ""type"": ""Point""}";48.85217917700279, 2.3392801730383246;2.3392801730383246, 48.85217917700279
75108-T-258;Friedland/Arsène Houssaye;75108;34 AVENUE DE FRIEDLAND;3;;34 au 36;en service;"{""coordinates"": [2.2987700659098644, 48.87421082299438], ""type"": ""Point""}";48.87421082299438, 2.2987700659098644;2.2987700659098644, 48.87421082299438
75111-T-344;Voltaire / Charonne;75111;167 BOULEVARD VOLTAIRE;7;;;en service;"{""coordinates"": [2.385756942561757, 48.8546338731498], ""type"": ""Point""}";48.8546338731498, 2.385756942561757;2.385756942561757, 48.8546338731498
75111-T-341;République / Guillaume Bertrand;75111;90 AVENUE DE LA REPUBLIQUE;6;;;en service;"{""coordinates"": [2.381552507932785, 48.863790521985905], ""type"": ""Point""}";48.863790521985905, 2.381552507932785;2.381552507932785, 48.863790521985905
75112-T-362;GDL - Châlon - dépose;75112;34 RUE DE CHALON;6;;;en service;"{""coordinates"": [2.376765091824946, 48.844411151110045], ""type"": ""Point""}";48.844411151110045, 2.376765091824946;2.376765091824946, 48.844411151110045
75117-T-463;Jouffroy d'Abbans;75117;31 RUE JOUFFROY D'ABBANS;3;;;en service;"{""coordinates"": [2.3095035879973205, 48.88588428254739], ""type"": ""Point""}";48.88588428254739, 2.3095035879973205;2.3095035879973205, 48.88588428254739
75118-T-468;Cimetière Montmartre;75118;16 RUE JOSEPH DE MAISTRE;5;;;en service;"{""coordinates"": [2.3323734554928697, 48.887348995559826], ""type"": ""Point""}";48.887348995559826, 2.3323734554928697;2.3323734554928697, 48.887348995559826
75101-T-209;Amiral de Coligny;75101;6 RUE DE L'AMIRAL DE COLIGNY;11;;emplacements du 6 au 9 compris;en service;"{""coordinates"": [2.340937046872583, 48.860666676929455], ""type"": ""Point""}";48.860666676929455, 2.340937046872583;2.340937046872583, 48.860666676929455
75101-T-213;Place André Malraux;75101;161 RUE SAINT-HONORE;10;;;en service;"{""coordinates"": [2.3350132094169704, 48.86334592638924], ""type"": ""Point""}";48.86334592638924, 2.3350132094169704;2.3350132094169704, 48.86334592638924
75117-T-445;Wagram /Place du Brésil;75117;139 AVENUE DE WAGRAM;4;;;en service;"{""coordinates"": [2.3026782355305397, 48.88461130567044], ""type"": ""Point""}";48.88461130567044, 2.3026782355305397;2.3026782355305397, 48.88461130567044
75118-T-093;Château Rouge;75118;3 RUE CUSTINE;8;;;en service;"{""coordinates"": [2.349081221802404, 48.88740641132486], ""type"": ""Point""}";48.88740641132486, 2.349081221802404;2.349081221802404, 48.88740641132486
75118-T-097;Porte d'Aubervilliers;75118;3 AVENUE DE LA PORTE D'AUBERVILLIERS;4;;;en service;"{""coordinates"": [2.3700526257203323, 48.899392463455506], ""type"": ""Point""}";48.899392463455506, 2.3700526257203323;2.3700526257203323, 48.899392463455506
75105-T-010;Gobelins;75105;90 BOULEVARD SAINT MARCEL;6;0143310000;;en service;"{""coordinates"": [2.3523073255556493, 48.83714266058493], ""type"": ""Point""}";48.83714266058493, 2.3523073255556493;2.3523073255556493, 48.83714266058493
75107-T-022;Bac - Saint Germain;75107;54 RUE DU BAC;13;0142224964;du 46 au 54;en service;"{""coordinates"": [2.3259754956075205, 48.85617447865638], ""type"": ""Point""}";48.85617447865638, 2.3259754956075205;2.3259754956075205, 48.85617447865638
75107-T-250;Lowendal / Obelisk;75107;19 AVENUE DE LOWENDAL;6;;;en service;"{""coordinates"": [2.3056296128290845, 48.850579263309335], ""type"": ""Point""}";48.850579263309335, 2.3056296128290845;2.3056296128290845, 48.850579263309335
75115-T-998;Cambronne 2;75115;12 rue cambronne;4;;;station provisoire;"{""coordinates"": [2.3023833161855447, 48.844326999562234], ""type"": ""Point""}";48.844326999562234, 2.3023833161855447;2.3023833161855447, 48.844326999562234
75106-T-900;RASPAIL MONTPARNASSE;75106;132-136 boulevard Raspail;12;;;en service;"{""coordinates"": [2.329313830866803, 48.84228907773029], ""type"": ""Point""}";48.84228907773029, 2.329313830866803;2.329313830866803, 48.84228907773029
75102-T-224;Réaumur;75102;108 RUE REAUMUR;2;;;en service;"{""coordinates"": [2.347099337515892, 48.86751504333612], ""type"": ""Point""}";48.86751504333612, 2.347099337515892;2.347099337515892, 48.86751504333612
75118-T-922;PLACE ALBERT KAHN;75118;119 RUE DU MONT CENIS;6;;;en service;"{""coordinates"": [2.34594253630664, 48.89552060331822], ""type"": ""Point""}";48.89552060331822, 2.34594253630664;2.34594253630664, 48.89552060331822
75107-T-253;Place Henry de Montherlant;75107;9 PLACE HENRY DE MONTHERLANT;9;;;en service;"{""coordinates"": [2.32594270481029, 48.86047138562606], ""type"": ""Point""}";48.86047138562606, 2.32594270481029;2.32594270481029, 48.86047138562606
75109-T-309;Haussmann /Place Diaghilev;75109;29 BOULEVARD HAUSSMANN;16;;;en service;"{""coordinates"": [2.3319100092403096, 48.87325619965324], ""type"": ""Point""}";48.87325619965324, 2.3319100092403096;2.3319100092403096, 48.87325619965324
75111-T-342;Boulevard de Charonne / Place des Antilles;75111;3 BOULEVARD DE CHARONNE;7;;;en service;"{""coordinates"": [2.3985490020656095, 48.84886413934422], ""type"": ""Point""}";48.84886413934422, 2.3985490020656095;2.3985490020656095, 48.84886413934422
75111-T-353;Timbaud;75111;108 RUE JEAN-PIERRE TIMBAUD;6;;;en service;"{""coordinates"": [2.3793071347743053, 48.86824631608542], ""type"": ""Point""}";48.86824631608542, 2.3793071347743053;2.3793071347743053, 48.86824631608542
75110-T-904;Gare du Nord SNCF;75110;18 RUE DE MAUBEUGE (cour des taxis);14;;;en service;"{""coordinates"": [2.3535864946732197, 48.88037588341335], ""type"": ""Point""}";48.88037588341335, 2.3535864946732197;2.3535864946732197, 48.88037588341335
75119-T-483;Mouzaïa / Brunet;75119;1 RUE DE MOUZAIA;2;;;en service;"{""coordinates"": [2.390665370792639, 48.880169305118876], ""type"": ""Point""}";48.880169305118876, 2.390665370792639;2.390665370792639, 48.880169305118876
75108-T-293;Champs Elysées / Arcades;75108;78 AVENUE DES CHAMPS ELYSEES;12;;;en service;"{""coordinates"": [2.3051681993412765, 48.87092190713012], ""type"": ""Point""}";48.87092190713012, 2.3051681993412765;2.3051681993412765, 48.87092190713012
75116-T-076;Mozart - Jasmin;75116;84 AVENUE MOZART;7;;;en service;"{""coordinates"": [2.267817725036695, 48.852130877220524], ""type"": ""Point""}";48.852130877220524, 2.267817725036695;2.267817725036695, 48.852130877220524
75118-T-096;Place du Tertre;75118;1 RUE DU CARDINAL DUBOIS;6;;;en service;"{""coordinates"": [2.3428530517872077, 48.88579002962867], ""type"": ""Point""}";48.88579002962867, 2.3428530517872077;2.3428530517872077, 48.88579002962867
75109-T-034;Trinité d'Estienne d'Orves;75109;2 PLACE D'ESTIENNE D'ORVES;5;0148740000;;en service;"{""coordinates"": [2.3325559250604675, 48.87654727783263], ""type"": ""Point""}";48.87654727783263, 2.3325559250604675;2.3325559250604675, 48.87654727783263
75108-T-028;Place de l'Alma;75108;1 AVENUE GEORGE V;12;0140709604;;en service;"{""coordinates"": [2.3011518380792593, 48.86523444937545], ""type"": ""Point""}";48.86523444937545, 2.3011518380792593;2.3011518380792593, 48.86523444937545
75103-T-007;Beaubourg;75103;24 RUE BEAUBOURG;3;;;en service;"{""coordinates"": [2.353820469256785, 48.86156282714138], ""type"": ""Point""}";48.86156282714138, 2.353820469256785;2.353820469256785, 48.86156282714138
75102-T-223;Quatre Septembre;75102;2 RUE DU QUATRE SEPTEMBRE;7;;;en service;"{""coordinates"": [2.339823263033117, 48.86906520966371], ""type"": ""Point""}";48.86906520966371, 2.339823263033117;2.339823263033117, 48.86906520966371
75120-T-488;Pelleport;75120;90 RUE PELLEPORT;9;;;en service;"{""coordinates"": [2.4015497559658403, 48.86827295625821], ""type"": ""Point""}";48.86827295625821, 2.4015497559658403;2.4015497559658403, 48.86827295625821
75116-T-925;FONDATION LOUIS VUITTON;75116;AVENUE DU MAHATMA GANDHI;6;;;en service;"{""coordinates"": [2.2631364195913224, 48.87605854694454], ""type"": ""Point""}";48.87605854694454, 2.2631364195913224;2.2631364195913224, 48.87605854694454
75119-T-105;Mairie du 19ème;75119;1 AVENUE DE LAUMIÈRE;5;;;en service;"{""coordinates"": [2.381363875525625, 48.88272329834341], ""type"": ""Point""}";48.88272329834341, 2.381363875525625;2.381363875525625, 48.88272329834341
75110-T-303;Place Jacques Bonsergent;75110;12 PLACE JACQUES BONSERGENT;5;;;en service;"{""coordinates"": [2.3608025975484286, 48.871242662606214], ""type"": ""Point""}";48.871242662606214, 2.3608025975484286;2.3608025975484286, 48.871242662606214
75109-T-321;Caumartin;75109;49 RUE DE CAUMARTIN;6;;;en service;"{""coordinates"": [2.328251107525473, 48.87342474018916], ""type"": ""Point""}";48.87342474018916, 2.328251107525473;2.328251107525473, 48.87342474018916
75110-T-327;Parmentier / Goncourt;75110;141 AVENUE PARMENTIER;8;;;en service;"{""coordinates"": [2.3708108313790763, 48.87018792531641], ""type"": ""Point""}";48.87018792531641, 2.3708108313790763;2.3708108313790763, 48.87018792531641
75114-T-373;Maine / Froidevaux;75114;96 AVENUE DU MAINE;4;;;en service;"{""coordinates"": [2.3231206312810166, 48.83739532837302], ""type"": ""Point""}";48.83739532837302, 2.3231206312810166;2.3231206312810166, 48.83739532837302
75108-T-291;Champs Elysées - Rond Point;75108;15 AVENUE DES CHAMPS ELYSEES;23;;;en service;"{""coordinates"": [2.307495572013714, 48.869455911169844], ""type"": ""Point""}";48.869455911169844, 2.307495572013714;2.307495572013714, 48.869455911169844
75117-T-453;Pereire -Levallois;75117;116 BOULEVARD PEREIRE;5;;;en service;"{""coordinates"": [2.297629921408648, 48.8854711099186], ""type"": ""Point""}";48.8854711099186, 2.297629921408648;2.297629921408648, 48.8854711099186
75117-T-456;Courcelles / Flaubert;75117;105 RUE DE COURCELLES;3;;;en service;"{""coordinates"": [2.300387250242627, 48.88179100416005], ""type"": ""Point""}";48.88179100416005, 2.300387250242627;2.300387250242627, 48.88179100416005
75115-T-384;Grenelle / Dupleix;75115;63 BOULEVARD DE GRENELLE;6;;;en service;"{""coordinates"": [2.293154554477945, 48.850794114017184], ""type"": ""Point""}";48.850794114017184, 2.293154554477945;2.293154554477945, 48.850794114017184
75102-T-216;Italiens/Gramont;75102;19 BOULEVARD DES ITALIENS;8;;;en service;"{""coordinates"": [2.3366872185827305, 48.87123086482408], ""type"": ""Point""}";48.87123086482408, 2.3366872185827305;2.3366872185827305, 48.87123086482408
75116-T-081;Trocadéro;75116;1 AVENUE D'EYLAU;17;0147270000;;en service;"{""coordinates"": [2.286335674304802, 48.863363218793516], ""type"": ""Point""}";48.863363218793516, 2.286335674304802;2.286335674304802, 48.863363218793516
75110-T-037;Place Franz Liszt;75110;7 PLACE FRANZ LISZT;2;;;en service;"{""coordinates"": [2.351257220669769, 48.877897709717736], ""type"": ""Point""}";48.877897709717736, 2.351257220669769;2.351257220669769, 48.877897709717736
75114-T-062;Porte de Vanves;75114;227 RUE RAYMOND LOSSERAND;4;;du 227 au 229;en service;"{""coordinates"": [2.3060579562766246, 48.82810414854245], ""type"": ""Point""}";48.82810414854245, 2.3060579562766246;2.3060579562766246, 48.82810414854245
75117-T-083;Maréchal Juin;75117;3 PLACE DU MARÉCHAL JUIN;10;0142270000;;en service;"{""coordinates"": [2.2975874254185027, 48.88438243694145], ""type"": ""Point""}";48.88438243694145, 2.2975874254185027;2.2975874254185027, 48.88438243694145
75109-T-033;Place De Clichy;75109;95 RUE DE CLICHY;10;0142850000;du 95 au 87;en service;"{""coordinates"": [2.327475483068868, 48.88325649669491], ""type"": ""Point""}";48.88325649669491, 2.327475483068868;2.327475483068868, 48.88325649669491
75109-T-310;Haussmann /Arcade;75109;69 BOULEVARD HAUSSMANN;6;;;en service;"{""coordinates"": [2.3251817600003424, 48.87396869390043], ""type"": ""Point""}";48.87396869390043, 2.3251817600003424;2.3251817600003424, 48.87396869390043
75115-T-401;Sèvres / Hopital Necker;75115;106 RUE DE SEVRES;6;;;en service;"{""coordinates"": [2.313335777949898, 48.84574816574562], ""type"": ""Point""}";48.84574816574562, 2.313335777949898;2.313335777949898, 48.84574816574562
75107-T-919;BRANLY - LA BOURDONNAIS;75107;65 QUAI BRANLY;7;;;en service;"{""coordinates"": [2.2955081994129705, 48.86036661368688], ""type"": ""Point""}";48.86036661368688, 2.2955081994129705;2.2955081994129705, 48.86036661368688
75117-T-439;Carnot / Acacias;75117;26 AVENUE CARNOT;9;;;en service;"{""coordinates"": [2.2923510991608422, 48.87694122624343], ""type"": ""Point""}";48.87694122624343, 2.2923510991608422;2.2923510991608422, 48.87694122624343
75106-T-918;SAINT-SULPICE;75106;14 PLACE SAINT-SULPICE;6;;;en service;"{""coordinates"": [2.3330882364639733, 48.851177454606876], ""type"": ""Point""}";48.851177454606876, 2.3330882364639733;2.3330882364639733, 48.851177454606876
75119-T-103;Flandre - Riquet;75119;69 AVENUE DE FLANDRE;8;;;en service;"{""coordinates"": [2.373977229998454, 48.88869821813962], ""type"": ""Point""}";48.88869821813962, 2.373977229998454;2.373977229998454, 48.88869821813962
75120-T-111;Ménilmontant Belleville;75120;150 BOULEVARD DE MÉNILMONTANT;10;;;en service;"{""coordinates"": [2.383647063410506, 48.86693303212116], ""type"": ""Point""}";48.86693303212116, 2.383647063410506;2.383647063410506, 48.86693303212116
75116-T-419;Maison de la radio;75116;1 PLACE CLEMENT ADER;5;;;en service;"{""coordinates"": [2.2781892295064052, 48.85125889395456], ""type"": ""Point""}";48.85125889395456, 2.2781892295064052;2.2781892295064052, 48.85125889395456
75109-T-313;Maubeuge / Place Jose Rizal;75109;22 RUE DE MAUBEUGE;3;;;en service;"{""coordinates"": [2.342643428862513, 48.87710802786406], ""type"": ""Point""}";48.87710802786406, 2.342643428862513;2.342643428862513, 48.87710802786406
75109-T-314;Maubeuge / Rochechouart;75109;35 RUE DE MAUBEUGE;4;;;en service;"{""coordinates"": [2.3454400979988588, 48.87856097086882], ""type"": ""Point""}";48.87856097086882, 2.3454400979988588;2.3454400979988588, 48.87856097086882
75110-T-330;Saint-Denis Faubourg / Hopital Fernand Widal;75110;200 RUE DU FAUBOURG SAINT-DENIS;3;;;en service;"{""coordinates"": [2.3584805953600667, 48.88169779706857], ""type"": ""Point""}";48.88169779706857, 2.3584805953600667;2.3584805953600667, 48.88169779706857
75108-T-300;Champs Elysées / Arsène Houssaye;75108;152 AVENUE DES CHAMPS ELYSEES;3;;;en service;"{""coordinates"": [2.2978104913619246, 48.873259492463745], ""type"": ""Point""}";48.873259492463745, 2.2978104913619246;2.2978104913619246, 48.873259492463745
75108-T-301;Champs Elysées / Galilée;75108;115 AVENUE DES CHAMPS ELYSEES;17;;115 au 117;en service;"{""coordinates"": [2.2986948904274147, 48.87225191870897], ""type"": ""Point""}";48.87225191870897, 2.2986948904274147;2.2986948904274147, 48.87225191870897
75106-T-244;Raspail / Montparnasse;75106;93 BOULEVARD RASPAIL;13;;;en service;"{""coordinates"": [2.3393430509583952, 48.852031896709946], ""type"": ""Point""}";48.852031896709946, 2.3393430509583952;2.3393430509583952, 48.852031896709946
75108-T-260;George V /Champs/Elysées;75108;48 AVENUE GEORGE V;6;;;en service;"{""coordinates"": [2.3011669313283205, 48.87134237554705], ""type"": ""Point""}";48.87134237554705, 2.3011669313283205;2.3011669313283205, 48.87134237554705
75108-T-278;Saint-Lazare / Cour de Rome;75108;108 RUE SAINT-LAZARE;8;;;en service;"{""coordinates"": [2.3253665419633, 48.87556230737658], ""type"": ""Point""}";48.87556230737658, 2.3253665419633;2.3253665419633, 48.87556230737658
75110-T-338;Louis Blanc;75110;34 RUE LOUIS BLANC;3;;;en service;"{""coordinates"": [2.365024093673534, 48.88126632356964], ""type"": ""Point""}";48.88126632356964, 2.365024093673534;2.365024093673534, 48.88126632356964
75111-T-339;République / Oberkampf;75111;47 AVENUE DE LA REPUBLIQUE;5;;;en service;"{""coordinates"": [2.3763398690880986, 48.86507515505613], ""type"": ""Point""}";48.86507515505613, 2.3763398690880986;2.3763398690880986, 48.86507515505613
75112-T-354;Hôpital Armand Trousseau;75112;26 AVENUE DU DOCTEUR ARNOLD NETTER;8;;;en service;"{""coordinates"": [2.4053563039629577, 48.84274546282557], ""type"": ""Point""}";48.84274546282557, 2.4053563039629577;2.4053563039629577, 48.84274546282557
75119-T-475;Serurier / Hôpital Robert Debré;75119;44 BOULEVARD SERURIER;3;;;en service;"{""coordinates"": [2.403227022829344, 48.87851777126525], ""type"": ""Point""}";48.87851777126525, 2.403227022829344;2.403227022829344, 48.87851777126525
75114-T-909;Gare Montparnasse SNCF;75114;10 PARKING MAINE;;;;en service;"{""coordinates"": [2.320335661745405, 48.839224244699956], ""type"": ""Point""}";48.839224244699956, 2.320335661745405;2.320335661745405, 48.839224244699956
75111-T-042;Philippe Auguste;75111;97 AVENUE PHILIPPE-AUGUSTE;5;;;en service;"{""coordinates"": [2.3909233512465304, 48.85604583353078], ""type"": ""Point""}";48.85604583353078, 2.3909233512465304;2.3909233512465304, 48.85604583353078
75118-T-098;Porte de Clignancourt;75118;39 BOULEVARD NEY;9;;;en service;"{""coordinates"": [2.343503358726183, 48.89773730061037], ""type"": ""Point""}";48.89773730061037, 2.343503358726183;2.343503358726183, 48.89773730061037
75117-T-088;Porte de Champeret;75117;5 BOULEVARD GOUVION-SAINT-CYR;2;0147662277;;en service;"{""coordinates"": [2.291562383689934, 48.885480140326884], ""type"": ""Point""}";48.885480140326884, 2.291562383689934;2.291562383689934, 48.885480140326884
75113-T-054;Glaciere;75113;127 BOULEVARD AUGUSTE BLANQUI;9;;;en service;"{""coordinates"": [2.343607389434755, 48.830761720076445], ""type"": ""Point""}";48.830761720076445, 2.343607389434755;2.343607389434755, 48.830761720076445
75116-T-080;Passy Costa Rica;75116;10 BOULEVARD DELESSERT;13;;;en service;"{""coordinates"": [2.2850334544927033, 48.8588306014011], ""type"": ""Point""}";48.8588306014011, 2.2850334544927033;2.2850334544927033, 48.8588306014011
75115-T-392;Porte de la Plaine;75115;94 AVENUE DE LA PORTE DE LA PLAINE;9;;;en service;"{""coordinates"": [2.2925602610435267, 48.82987775307179], ""type"": ""Point""}";48.82987775307179, 2.2925602610435267;2.2925602610435267, 48.82987775307179
75113-T-118;Tolbiac Bibliothèque Nationale;75113;36 RUE NEUVE TOLBIAC;9;;;en service;"{""coordinates"": [2.3770509966070135, 48.83096623686189], ""type"": ""Point""}";48.83096623686189, 2.3770509966070135;2.3770509966070135, 48.83096623686189
75116-T-433;Place de Varsovie;75116;3 PLACE DE VARSOVIE;4;;;en service;"{""coordinates"": [2.2902026450155293, 48.86032182445568], ""type"": ""Point""}";48.86032182445568, 2.2902026450155293;2.2902026450155293, 48.86032182445568
75117-T-440;Saint-Ouen / La Fourche;75117;5 AVENUE DE SAINT-OUEN;4;;;en service;"{""coordinates"": [2.325720485918762, 48.888115351046004], ""type"": ""Point""}";48.888115351046004, 2.325720485918762;2.325720485918762, 48.888115351046004
75115-T-403;Vouillé;75115;5 RUE DE VOUILLE;2;;;en service;"{""coordinates"": [2.3033967626685508, 48.83533565455608], ""type"": ""Point""}";48.83533565455608, 2.3033967626685508;2.3033967626685508, 48.83533565455608
75116-T-407;Eylaud / Place de Mexico;75116;36 AVENUE D'EYLAU;3;;;en service;"{""coordinates"": [2.2835209670902508, 48.86532372088483], ""type"": ""Point""}";48.86532372088483, 2.2835209670902508;2.2835209670902508, 48.86532372088483
75116-T-410;Iéna /Etoile;75116;98 AVENUE D'IENA;7;;;en service;"{""coordinates"": [2.2955132821952264, 48.872490544262966], ""type"": ""Point""}";48.872490544262966, 2.2955132821952264;2.2955132821952264, 48.872490544262966
75109-T-303;Clichy / Bruxelles;75109;65 BOULEVARD DE CLICHY;5;;;en service;"{""coordinates"": [2.332060464728553, 48.88377441889856], ""type"": ""Point""}";48.88377441889856, 2.332060464728553;2.332060464728553, 48.88377441889856
75106-T-247;Place Alphonse Deville;75106;27 RUE DU CHERCHE-MIDI;3;;;en service;"{""coordinates"": [2.3274256877778963, 48.85022780366451], ""type"": ""Point""}";48.85022780366451, 2.3274256877778963;2.3274256877778963, 48.85022780366451
75108-T-267;Haussmann / Place du Pérou;75108;119 BOULEVARD HAUSSMANN;4;;;en service;"{""coordinates"": [2.3149255082716524, 48.8753768942154], ""type"": ""Point""}";48.8753768942154, 2.3149255082716524;2.3149255082716524, 48.8753768942154
75108-T-277;Rue Royale;75108;21 RUE ROYALE;9;;;en service;"{""coordinates"": [2.3233590036787946, 48.868516483018404], ""type"": ""Point""}";48.868516483018404, 2.3233590036787946;2.3233590036787946, 48.868516483018404
75120-T-109;Mairie du 20ème - Gambetta;75120;16 AVENUE DU PÈRE LACHAISE;17;0146360000;;en service;"{""coordinates"": [2.398264142764164, 48.864462042863416], ""type"": ""Point""}";48.864462042863416, 2.398264142764164;2.398264142764164, 48.864462042863416
75116-T-422;Place de l'Uruguay;75116;30 PLACE DE L'URUGUAY;2;;;en service;"{""coordinates"": [2.2960666269050796, 48.869833295787224], ""type"": ""Point""}";48.869833295787224, 2.2960666269050796;2.2960666269050796, 48.869833295787224
75112-T-046;Bercy - Palais Omnisport;75112;BOULEVARD DE BERCY;5;;;en service;"{""coordinates"": [2.3843734923787876, 48.839591439282536], ""type"": ""Point""}";48.839591439282536, 2.3843734923787876;2.3843734923787876, 48.839591439282536
75102-T-217;Italiens/Richelieu Drouot;75102;1 BOULEVARD DES ITALIENS;7;;du  1 au 9 compris;en service;"{""coordinates"": [2.339043707144803, 48.87162843580771], ""type"": ""Point""}";48.87162843580771, 2.339043707144803;2.339043707144803, 48.87162843580771
75115-T-066;Felix Faure - Boucicault;75115;44 AVENUE FÉLIX FAURE;7;;;en service;"{""coordinates"": [2.288028957273633, 48.84126852020711], ""type"": ""Point""}";48.84126852020711, 2.288028957273633;2.288028957273633, 48.84126852020711
75115-T-067;Hôpital Georges Pompidou;75115;25 RUE LEBLANC;20;;;en service;"{""coordinates"": [2.2751010323411314, 48.839347401207824], ""type"": ""Point""}";48.839347401207824, 2.2751010323411314;2.2751010323411314, 48.839347401207824
75112-T-045;Daumesnil - Felix Eboué;75112;5 PLACE FÉLIX EBOUÉ;9;0143430000;;en service;"{""coordinates"": [2.395813610400153, 48.84002111712303], ""type"": ""Point""}";48.84002111712303, 2.395813610400153;2.395813610400153, 48.84002111712303
75112-T-047;Château de Vincennes;75112;8 ROUTE DES PELOUSES DE MARIGNY;7;0148080000;;en service;"{""coordinates"": [2.441432271564559, 48.84471723579604], ""type"": ""Point""}";48.84471723579604, 2.441432271564559;2.441432271564559, 48.84471723579604
75115-T-065;Convention - Vaugirard;75115;2 rue victor duruy;8;0142500000;;en service;"{""coordinates"": [2.297822011768103, 48.83777029672143], ""type"": ""Point""}";48.83777029672143, 2.297822011768103;2.297822011768103, 48.83777029672143
75110-T-036;Hôpital Saint Louis;75110;18 RUE CLAUDE VELLEFAUX;12;;;en service;"{""coordinates"": [2.3699701930424637, 48.873182855335], ""type"": ""Point""}";48.873182855335, 2.3699701930424637;2.3699701930424637, 48.873182855335
75108-T-030;Place des Ternes;75108;272 RUE DU FAUBOURG SAINT-HONORÉ;11;0147630000;;en service;"{""coordinates"": [2.2988514707250576, 48.87776714508008], ""type"": ""Point""}";48.87776714508008, 2.2988514707250576;2.2988514707250576, 48.87776714508008
992-T-75118;Ney-Chapelle;75118;23 Z1 boulevard Ney;17;;;en service;"{""coordinates"": [2.362461455975824, 48.89852407496646], ""type"": ""Point""}";48.89852407496646, 2.362461455975824;2.362461455975824, 48.89852407496646
75112-T-923;HIPPODROME PARIS-VINCENNES;75112;8 ROUTE DU FORT DE GRAVELLE;10;;;en service;"{""coordinates"": [2.453362976446234, 48.821068630904136], ""type"": ""Point""}";48.821068630904136, 2.453362976446234;2.453362976446234, 48.821068630904136
75120-T-114;Porte de Bagnolet;75120;2 PLACE DE LA PORTE DE BAGNOLET;8;;;en service;"{""coordinates"": [2.4091882569279917, 48.864070752391726], ""type"": ""Point""}";48.864070752391726, 2.4091882569279917;2.4091882569279917, 48.864070752391726
75120-T-116;Pyrénées -Avron;75120;67 RUE DES PYRÉNÉES;5;;;en service;"{""coordinates"": [2.40601067388231, 48.852878174839375], ""type"": ""Point""}";48.852878174839375, 2.40601067388231;2.40601067388231, 48.852878174839375
75117-T-441;Villiers / Malesherbes;75117;40 AVENUE DE VILLIERS;7;;;en service;"{""coordinates"": [2.308797154260043, 48.88285054952955], ""type"": ""Point""}";48.88285054952955, 2.308797154260043;2.308797154260043, 48.88285054952955
75109-T-326;Square Montholon;75109;2 RUE PIERRE SEMARD;9;;du 2 au 8;en service;"{""coordinates"": [2.3470070705615127, 48.87735566443743], ""type"": ""Point""}";48.87735566443743, 2.3470070705615127;2.3470070705615127, 48.87735566443743
75108-T-284;Batignolles / Place de Clichy;75108;7 BOULEVARD DES BATIGNOLLES;4;;;en service;"{""coordinates"": [2.326455023781938, 48.88323424308239], ""type"": ""Point""}";48.88323424308239, 2.326455023781938;2.326455023781938, 48.88323424308239
75111-T-340;République - Malte;75111;1 AVENUE DE LA REPUBLIQUE;8;;;en service;"{""coordinates"": [2.366114661944415, 48.86701334592816], ""type"": ""Point""}";48.86701334592816, 2.366114661944415;2.366114661944415, 48.86701334592816
75111-T-347;Faidherbe Chaligny;75111;1 RUE FAIDHERBE;10;;;en service;"{""coordinates"": [2.3843049698155023, 48.850624767226606], ""type"": ""Point""}";48.850624767226606, 2.3843049698155023;2.3843049698155023, 48.850624767226606
75119-T-473;Flandre / Crimée;75119;98 AVENUE DE FLANDRE;7;;;en service;"{""coordinates"": [2.3767820886069866, 48.890903404392894], ""type"": ""Point""}";48.890903404392894, 2.3767820886069866;2.3767820886069866, 48.890903404392894
75114-T-378;Paul Appell;75114;20 AVENUE PAUL APPELL;5;;;en service;"{""coordinates"": [2.325745531013348, 48.822031135165666], ""type"": ""Point""}";48.822031135165666, 2.325745531013348;2.325745531013348, 48.822031135165666
75102-T-218;Bonne Nouvelle;75102;35 BOULEVARD DE BONNE NOUVELLE;5;;;en service;"{""coordinates"": [2.3485194228253294, 48.870399676867336], ""type"": ""Point""}";48.870399676867336, 2.3485194228253294;2.3485194228253294, 48.870399676867336
75112-T-051;Porte de Vincennes;75112;86 BOULEVARD SOULT;7;;;en service;"{""coordinates"": [2.411211547970157, 48.84654042631054], ""type"": ""Point""}";48.84654042631054, 2.411211547970157;2.411211547970157, 48.84654042631054
75118-T-095;Marx Dormoy - Ordener;75118;76 RUE MARX DORMOY;7;;;en service;"{""coordinates"": [2.360131332942634, 48.8898297641994], ""type"": ""Point""}";48.8898297641994, 2.360131332942634;2.360131332942634, 48.8898297641994
75116-T-072;La Muette;75116;11 CHAUSSEE DE LA MUETTE;17;0142880000;;en service;"{""coordinates"": [2.2741094115729927, 48.85809916964809], ""type"": ""Point""}";48.85809916964809, 2.2741094115729927;2.2741094115729927, 48.85809916964809
75104-T-008;Saint-Paul;75104;10 RUE DE RIVOLI;9;0148874939;;en service;"{""coordinates"": [2.360406832138487, 48.855492939904565], ""type"": ""Point""}";48.855492939904565, 2.360406832138487;2.360406832138487, 48.855492939904565
75117-T-086;Pont Cardinet;75117;165 rue de rome;5;;;en service;"{""coordinates"": [2.3146827269790022, 48.88719617897342], ""type"": ""Point""}";48.88719617897342, 2.3146827269790022;2.3146827269790022, 48.88719617897342
75114-T-377;Leclerc / Duvernet;75114;19 AVENUE DU GENERAL LECLERC;4;;;en service;"{""coordinates"": [2.330354414518755, 48.83154868998812], ""type"": ""Point""}";48.83154868998812, 2.330354414518755;2.330354414518755, 48.83154868998812
75108-T-926;CHAMPS-ELYSEES-BERRI;75108;92 AVENUE DES CHAMPS-ELYSEES;8;;;en service;"{""coordinates"": [2.3032168523015475, 48.87154065582322], ""type"": ""Point""}";48.87154065582322, 2.3032168523015475;2.3032168523015475, 48.87154065582322
75108-T-276;François 1er / Quentin Bochard;75108;57 RUE FRANCOIS 1ER;3;;;en service;"{""coordinates"": [2.3013555638591137, 48.87001753777795], ""type"": ""Point""}";48.87001753777795, 2.3013555638591137;2.3013555638591137, 48.87001753777795
75119-T-108;Porte de la Villette;75119;7 AVENUE DE LA PORTE DE LA VILLETTE;15;;;en service;"{""coordinates"": [2.386429997189678, 48.89901472218097], ""type"": ""Point""}";48.89901472218097, 2.386429997189678;2.386429997189678, 48.89901472218097
75120-T-110;Belleville - Pyrénées;75120;360 RUE DES PYRÉNÉES;7;;;en service;"{""coordinates"": [2.3858794164429695, 48.87400461620743], ""type"": ""Point""}";48.87400461620743, 2.3858794164429695;2.3858794164429695, 48.87400461620743
75108-T-275;François 1er / Pierre Charron;75108;47 RUE FRANCOIS IER;3;;;en service;"{""coordinates"": [2.302828264731878, 48.86911881295275], ""type"": ""Point""}";48.86911881295275, 2.302828264731878;2.302828264731878, 48.86911881295275
75116-T-432;Place de l'Amiral de Grasse;75116;35 AVENUE D'IENA;4;;;en service;"{""coordinates"": [2.295470146959297, 48.8679627614093], ""type"": ""Point""}";48.8679627614093, 2.295470146959297;2.295470146959297, 48.8679627614093
75108-T-294;Champs Elysées / Lincoln;75108;75 AVENUE DES CHAMPS ELYSEES;8;;;en service;"{""coordinates"": [2.3029894097834807, 48.87088909595894], ""type"": ""Point""}";48.87088909595894, 2.3029894097834807;2.3029894097834807, 48.87088909595894
75109-T-319;Scribe pair;75109;2 RUE SCRIBE;7;;;en service;"{""coordinates"": [2.3302703656204735, 48.87076776152817], ""type"": ""Point""}";48.87076776152817, 2.3302703656204735;2.3302703656204735, 48.87076776152817
75105-T-240;Monge;75105;115 RUE MONGE;4;;115 au 117;en service;"{""coordinates"": [2.351354453046857, 48.839533266070255], ""type"": ""Point""}";48.839533266070255, 2.351354453046857;2.351354453046857, 48.839533266070255
75111-T-346;Voltaire / Nation;75111;294 BOULEVARD VOLTAIRE;2;;;en service;"{""coordinates"": [2.394226101695504, 48.84913763535184], ""type"": ""Point""}";48.84913763535184, 2.394226101695504;2.394226101695504, 48.84913763535184
75113-T-372;Hôpital Broca;75113;54 RUE PASCAL;3;;;en service;"{""coordinates"": [2.3476306435218754, 48.83440009554453], ""type"": ""Point""}";48.83440009554453, 2.3476306435218754;2.3476306435218754, 48.83440009554453
75115-T-395;Place Cambronne;75115;6 PLACE CAMBRONNE;4;;;en service;"{""coordinates"": [2.301705287729462, 48.84753111366394], ""type"": ""Point""}";48.84753111366394, 2.301705287729462;2.301705287729462, 48.84753111366394
75117-T-452;Pereire/Place Wagram;75117;67 BOULEVARD PEREIRE;4;;;en service;"{""coordinates"": [2.3043044492466165, 48.88717037478248], ""type"": ""Point""}";48.88717037478248, 2.3043044492466165;2.3043044492466165, 48.88717037478248
75119-T-480;Corentin Cariou;75119;28 AVENUE CORENTIN CARIOU;2;;;en service;"{""coordinates"": [2.385279192430254, 48.897030561328094], ""type"": ""Point""}";48.897030561328094, 2.385279192430254;2.385279192430254, 48.897030561328094
75112-T-050;Porte Dorée;75112;1 PLACE EDOUARD RENARD;8;;;en service;"{""coordinates"": [2.407676752629985, 48.835585240162786], ""type"": ""Point""}";48.835585240162786, 2.407676752629985;2.407676752629985, 48.835585240162786
75115-T-069;Mairie du 15ème;75115;254 RUE DE VAUGIRARD;8;;;en service;"{""coordinates"": [2.3019499129275194, 48.839832115012875], ""type"": ""Point""}";48.839832115012875, 2.3019499129275194;2.3019499129275194, 48.839832115012875
75118-T-094;Guy Moquet;75118;86 AVENUE DE SAINT-OUEN;9;;;en service;"{""coordinates"": [2.327519992438313, 48.89273521630336], ""type"": ""Point""}";48.89273521630336, 2.327519992438313;2.327519992438313, 48.89273521630336
75113-T-052;Place d'Italie;75113;182 BOULEVARD VINCENT AURIOL;13;0145833493;;en service;"{""coordinates"": [2.356993216272011, 48.831457622565836], ""type"": ""Point""}";48.831457622565836, 2.356993216272011;2.356993216272011, 48.831457622565836
75113-T-055;Patay-Tolbiac;75113;119 RUE DE PATAY;9;0145830000;;en service;"{""coordinates"": [2.3709481670310644, 48.827897331026804], ""type"": ""Point""}";48.827897331026804, 2.3709481670310644;2.3709481670310644, 48.827897331026804
75108-T-027;Madeleine;75108;4 BOULEVARD MALESHERBES;12;0142650000;;en service;"{""coordinates"": [2.3233582983655183, 48.870591252578926], ""type"": ""Point""}";48.870591252578926, 2.3233582983655183;2.3233582983655183, 48.870591252578926
75105-T-014;Tournelle;75105;13 QUAI DE LA TOURNELLE;6;;;en service;"{""coordinates"": [2.35509879277537, 48.84980470852672], ""type"": ""Point""}";48.84980470852672, 2.35509879277537;2.35509879277537, 48.84980470852672
75101-T-003;Concorde Rivoli;75101;252 RUE DE RIVOLI;4;;;en service;"{""coordinates"": [2.324428142666343, 48.86638147778323], ""type"": ""Point""}";48.86638147778323, 2.324428142666343;2.324428142666343, 48.86638147778323
75101-T-206;Saint Honoré;75101;49 RUE SAINT-HONORE;7;;;en service;"{""coordinates"": [2.3451632332577, 48.86089378180748], ""type"": ""Point""}";48.86089378180748, 2.3451632332577;2.3451632332577, 48.86089378180748
75107-T-020;Tour Eiffel;75107;67 QUAI BRANLY;9;;;en service;"{""coordinates"": [2.2916579493251934, 48.85763585525514], ""type"": ""Point""}";48.85763585525514, 2.2916579493251934;2.2916579493251934, 48.85763585525514
75107-T-921;ELISEE RECLUS;75107;1 AVENUE ELISEE RECLUS;2;;;en service;"{""coordinates"": [2.297230306466401, 48.85887849359254], ""type"": ""Point""}";48.85887849359254, 2.297230306466401;2.297230306466401, 48.85887849359254
75108-T-299;Champs Elysées / Balzac;75108;122 AVENUE DES CHAMPS ELYSEES;9;;;en service;"{""coordinates"": [2.3001697937270293, 48.87250964657864], ""type"": ""Point""}";48.87250964657864, 2.3001697937270293;2.3001697937270293, 48.87250964657864
75116-T-414;Paul Doumer / Eugène Manuel;75116;67 AVENUE PAUL DOUMER;4;;;en service;"{""coordinates"": [2.279503731502056, 48.85974490177415], ""type"": ""Point""}";48.85974490177415, 2.279503731502056;2.279503731502056, 48.85974490177415
75119-T-107;Porte de Pantin;75119;223 AVENUE JEAN JAURÈS;15;;;en service;"{""coordinates"": [2.39407228079544, 48.889376629631066], ""type"": ""Point""}";48.889376629631066, 2.39407228079544;2.39407228079544, 48.889376629631066
75109-T-304;Rochechouart;75109;19 BOULEVARD DE ROCHECHOUART;3;;;en service;"{""coordinates"": [2.347088028733345, 48.88307149498222], ""type"": ""Point""}";48.88307149498222, 2.347088028733345;2.347088028733345, 48.88307149498222
75105-T-237;Hôpital Val-de-Grâce;75105;74 BOULEVARD DE PORT-ROYAL;3;;;en service;"{""coordinates"": [2.344256226282533, 48.83809572685133], ""type"": ""Point""}";48.83809572685133, 2.344256226282533;2.344256226282533, 48.83809572685133
75105-T-238;Cardinal Lemoine;75105;35 RUE DU CARDINAL LEMOINE;4;;;en service;"{""coordinates"": [2.3528899669541947, 48.847587332913356], ""type"": ""Point""}";48.847587332913356, 2.3528899669541947;2.3528899669541947, 48.847587332913356
75106-T-242;Saint-Germain/Saint Michel;75106;104 BOULEVARD SAINT-GERMAIN;6;;;en service;"{""coordinates"": [2.3426789722142547, 48.85166321384191], ""type"": ""Point""}";48.85166321384191, 2.3426789722142547;2.3426789722142547, 48.85166321384191
75107-T-252;Institut National des Jeunes Aveugles;75107;56 BOULEVARD DES INVALIDES;13;;;en service;"{""coordinates"": [2.3159342654352675, 48.84745869690224], ""type"": ""Point""}";48.84745869690224, 2.3159342654352675;2.3159342654352675, 48.84745869690224
75108-T-288;Berri;75108;2 RUE DE BERRI;8;;;en service;"{""coordinates"": [2.3026936204185136, 48.87171060120904], ""type"": ""Point""}";48.87171060120904, 2.3026936204185136;2.3026936204185136, 48.87171060120904
75112-T-365;Traversière / Ledru-Rollin;75112;80 RUE TRAVERSIERE;3;;;en service;"{""coordinates"": [2.376118999588795, 48.850997372443814], ""type"": ""Point""}";48.850997372443814, 2.376118999588795;2.376118999588795, 48.850997372443814
75110-T-906;Gare de l'Est SNCF;75110;11 PARVIS GARE DE L'EST;18;;;en service;"{""coordinates"": [2.3587017101261503, 48.876621678440955], ""type"": ""Point""}";48.876621678440955, 2.3587017101261503;2.3587017101261503, 48.876621678440955
75118-T-467;Lamarck - Caulaincourt;75118;98 RUE CAULAINCOURT;10;;;en service;"{""coordinates"": [2.339933155016027, 48.88957216796515], ""type"": ""Point""}";48.88957216796515, 2.339933155016027;2.339933155016027, 48.88957216796515
75119-T-479;Petit / Luneville;75119;71 RUE PETIT;8;;;en service;"{""coordinates"": [2.388671487847958, 48.88587425491521], ""type"": ""Point""}";48.88587425491521, 2.388671487847958;2.388671487847958, 48.88587425491521
75114-T-379;René Coty / Denfert Rochereau;75114;2 AVENUE RENE COTY;3;;;en service;"{""coordinates"": [2.3330008553179953, 48.833266077431865], ""type"": ""Point""}";48.833266077431865, 2.3330008553179953;2.3330008553179953, 48.833266077431865
75115-T-386;Porte de Versailles/Parc des Expositions;75115;PLACE DE LA PORTE DE VERSAILLES;13;;;en service;"{""coordinates"": [2.2875747444755063, 48.832568261011005], ""type"": ""Point""}";48.832568261011005, 2.2875747444755063;2.2875747444755063, 48.832568261011005
75118-T-472;Ordener / Barbès;75118;81 RUE ORDENER;6;;;en service;"{""coordinates"": [2.348332469282022, 48.89168955694914], ""type"": ""Point""}";48.89168955694914, 2.348332469282022;2.348332469282022, 48.89168955694914
75117-T-446;Ternes / Mac-Mahon;75117;37 AVENUE DES TERNES;6;;;en service;"{""coordinates"": [2.293451321455031, 48.87864683214023], ""type"": ""Point""}";48.87864683214023, 2.293451321455031;2.293451321455031, 48.87864683214023
75117-T-447;Ternes / Pereire;75117;89 AVENUE DES TERNES;3;;;en service;"{""coordinates"": [2.2873756345476917, 48.88004586515189], ""type"": ""Point""}";48.88004586515189, 2.2873756345476917;2.2873756345476917, 48.88004586515189
75114-T-060;Place Coluche Amiral Mouchez;75114;1 RUE DE L'AMIRAL MOUCHEZ;4;;;en service;"{""coordinates"": [2.3414590504145534, 48.82392642543733], ""type"": ""Point""}";48.82392642543733, 2.3414590504145534;2.3414590504145534, 48.82392642543733
75116-T-077;Place de Barcelone;75116;1 RUE MIRABEAU;9;;;en service;"{""coordinates"": [2.2729273260965277, 48.84707179965176], ""type"": ""Point""}";48.84707179965176, 2.2729273260965277;2.2729273260965277, 48.84707179965176
75113-T-056;Porte d'Italie;75113;164 BOULEVARD MASSÉNA;5;0145860044;;en service;"{""coordinates"": [2.3601442017232794, 48.819345748798234], ""type"": ""Point""}";48.819345748798234, 2.3601442017232794;2.3601442017232794, 48.819345748798234
75114-T-058;Denfert Rochereau;75114;297 BOULEVARD RASPAIL;6;0143350000;;en service;"{""coordinates"": [2.3321482805561033, 48.83490358884194], ""type"": ""Point""}";48.83490358884194, 2.3321482805561033;2.3321482805561033, 48.83490358884194
75105-T-011;Maubert Mutualité;75105;60 BOULEVARD SAINT GERMAIN;18;0146341032;;en service;"{""coordinates"": [2.3482361115292623, 48.850309287421965], ""type"": ""Point""}";48.850309287421965, 2.3482361115292623;2.3482361115292623, 48.850309287421965
